"name","year","quarter","month","sum"
"Bangladesh",2005,1,"February",149.0
"Bangladesh",2005,1,"January",22.0
"Bangladesh",2005,1,"March",103.0
"Bangladesh",2005,1,NULL,274.0
"Bangladesh",2005,2,"April",207.0
"Bangladesh",2005,2,"June",35.0
"Bangladesh",2005,2,"May",221.0
"Bangladesh",2005,2,NULL,463.0
"Bangladesh",2005,3,"August",102.0
"Bangladesh",2005,3,"July",23.0
"Bangladesh",2005,3,"September",16.0
"Bangladesh",2005,3,NULL,141.0
"Bangladesh",2005,4,"December",0
"Bangladesh",2005,4,"November",0
"Bangladesh",2005,4,"October",19.0
"Bangladesh",2005,4,NULL,19.0
"Bangladesh",2005,NULL,NULL,897.0
"Bangladesh",2006,1,"February",85.0
"Bangladesh",2006,1,"January",18.0
"Bangladesh",2006,1,"March",4.0
"Bangladesh",2006,1,NULL,107.0
"Bangladesh",2006,2,"April",70.0
"Bangladesh",2006,2,"June",0
"Bangladesh",2006,2,"May",0
"Bangladesh",2006,2,NULL,70.0
"Bangladesh",2006,3,"August",0
"Bangladesh",2006,3,"July",32.0
"Bangladesh",2006,3,"September",0
"Bangladesh",2006,3,NULL,32.0
"Bangladesh",2006,4,"December",0
"Bangladesh",2006,4,"November",0
"Bangladesh",2006,4,"October",175.0
"Bangladesh",2006,4,NULL,175.0
"Bangladesh",2006,NULL,NULL,384.0
"Bangladesh",2007,1,"February",0
"Bangladesh",2007,1,"January",41.0
"Bangladesh",2007,1,"March",0
"Bangladesh",2007,1,NULL,41.0
"Bangladesh",2007,2,"April",0
"Bangladesh",2007,2,"June",120.0
"Bangladesh",2007,2,"May",41.0
"Bangladesh",2007,2,NULL,161.0
"Bangladesh",2007,3,"August",1110.0
"Bangladesh",2007,3,"July",0
"Bangladesh",2007,3,"September",0
"Bangladesh",2007,3,NULL,1110.0
"Bangladesh",2007,4,"December",0
"Bangladesh",2007,4,"November",4258.0
"Bangladesh",2007,4,"October",86.0
"Bangladesh",2007,4,NULL,4344.0
"Bangladesh",2007,NULL,NULL,5656.0
"Bangladesh",2008,1,"February",53.0
"Bangladesh",2008,1,"January",0
"Bangladesh",2008,1,"March",12.0
"Bangladesh",2008,1,NULL,65.0
"Bangladesh",2008,2,"April",0
"Bangladesh",2008,2,"June",0
"Bangladesh",2008,2,"May",0
"Bangladesh",2008,2,NULL,0
"Bangladesh",2008,3,"August",13.0
"Bangladesh",2008,3,"July",16.0
"Bangladesh",2008,3,"September",12.0
"Bangladesh",2008,3,NULL,41.0
"Bangladesh",2008,4,"December",0
"Bangladesh",2008,4,"November",0
"Bangladesh",2008,4,"October",15.0
"Bangladesh",2008,4,NULL,15.0
"Bangladesh",2008,NULL,NULL,121.0
"Bangladesh",2009,1,"February",37.0
"Bangladesh",2009,1,"January",0
"Bangladesh",2009,1,"March",0
"Bangladesh",2009,1,NULL,37.0
"Bangladesh",2009,2,"April",7.0
"Bangladesh",2009,2,"June",0
"Bangladesh",2009,2,"May",190.0
"Bangladesh",2009,2,NULL,197.0
"Bangladesh",2009,3,"August",0
"Bangladesh",2009,3,"July",16.0
"Bangladesh",2009,3,"September",0
"Bangladesh",2009,3,NULL,16.0
"Bangladesh",2009,4,"December",53.0
"Bangladesh",2009,4,"November",91.0
"Bangladesh",2009,4,"October",14.0
"Bangladesh",2009,4,NULL,158.0
"Bangladesh",2009,NULL,NULL,408.0
"Bangladesh",2010,1,"February",21.0
"Bangladesh",2010,1,"January",17.0
"Bangladesh",2010,1,"March",0
"Bangladesh",2010,1,NULL,38.0
"Bangladesh",2010,2,"April",11.0
"Bangladesh",2010,2,"June",229.0
"Bangladesh",2010,2,"May",15.0
"Bangladesh",2010,2,NULL,255.0
"Bangladesh",2010,3,"August",0
"Bangladesh",2010,3,"July",0
"Bangladesh",2010,3,"September",0
"Bangladesh",2010,3,NULL,0
"Bangladesh",2010,4,"December",62.0
"Bangladesh",2010,4,"November",0
"Bangladesh",2010,4,"October",15.0
"Bangladesh",2010,4,NULL,77.0
"Bangladesh",2010,NULL,NULL,370.0
"Bangladesh",2011,1,"February",50.0
"Bangladesh",2011,1,"January",0
"Bangladesh",2011,1,"March",0
"Bangladesh",2011,1,NULL,50.0
"Bangladesh",2011,2,"April",45.0
"Bangladesh",2011,2,"June",0
"Bangladesh",2011,2,"May",0
"Bangladesh",2011,2,NULL,45.0
"Bangladesh",2011,3,"August",0
"Bangladesh",2011,3,"July",58.0
"Bangladesh",2011,3,"September",0
"Bangladesh",2011,3,NULL,58.0
"Bangladesh",2011,4,"December",12.0
"Bangladesh",2011,4,"November",0
"Bangladesh",2011,4,"October",0
"Bangladesh",2011,4,NULL,12.0
"Bangladesh",2011,NULL,NULL,165.0
"Bangladesh",2012,1,"February",0
"Bangladesh",2012,1,"January",0
"Bangladesh",2012,1,"March",123.0
"Bangladesh",2012,1,NULL,123.0
"Bangladesh",2012,2,"April",25.0
"Bangladesh",2012,2,"June",0
"Bangladesh",2012,2,"May",0
"Bangladesh",2012,2,NULL,25.0
"Bangladesh",2012,3,"August",0
"Bangladesh",2012,3,"July",139.0
"Bangladesh",2012,3,"September",0
"Bangladesh",2012,3,NULL,139.0
"Bangladesh",2012,4,"December",0
"Bangladesh",2012,4,"November",184.0
"Bangladesh",2012,4,"October",208.0
"Bangladesh",2012,4,NULL,392.0
"Bangladesh",2012,NULL,NULL,679.0
"Bangladesh",2013,1,"February",14.0
"Bangladesh",2013,1,"January",0
"Bangladesh",2013,1,"March",33.0
"Bangladesh",2013,1,NULL,47.0
"Bangladesh",2013,2,"April",0
"Bangladesh",2013,2,"June",0
"Bangladesh",2013,2,"May",17.0
"Bangladesh",2013,2,NULL,17.0
"Bangladesh",2013,3,"August",0
"Bangladesh",2013,3,"July",0
"Bangladesh",2013,3,"September",0
"Bangladesh",2013,3,NULL,0
"Bangladesh",2013,4,"December",0
"Bangladesh",2013,4,"November",0
"Bangladesh",2013,4,"October",0
"Bangladesh",2013,4,NULL,0
"Bangladesh",2013,NULL,NULL,64.0
"Bangladesh",2014,1,"February",41.0
"Bangladesh",2014,1,"January",0
"Bangladesh",2014,1,"March",0
"Bangladesh",2014,1,NULL,41.0
"Bangladesh",2014,2,"April",16.0
"Bangladesh",2014,2,"June",4.0
"Bangladesh",2014,2,"May",70.0
"Bangladesh",2014,2,NULL,90.0
"Bangladesh",2014,3,"August",130.0
"Bangladesh",2014,3,"July",0
"Bangladesh",2014,3,"September",59.0
"Bangladesh",2014,3,NULL,189.0
"Bangladesh",2014,4,"December",0
"Bangladesh",2014,4,"November",0
"Bangladesh",2014,4,"October",0
"Bangladesh",2014,4,NULL,0
"Bangladesh",2014,NULL,NULL,320.0
"Bangladesh",2015,1,"February",78.0
"Bangladesh",2015,1,"January",26.0
"Bangladesh",2015,1,"March",10.0
"Bangladesh",2015,1,NULL,114.0
"Bangladesh",2015,2,"April",57.0
"Bangladesh",2015,2,"June",20.0
"Bangladesh",2015,2,"May",19.0
"Bangladesh",2015,2,NULL,96.0
"Bangladesh",2015,3,"August",0
"Bangladesh",2015,3,"July",90.0
"Bangladesh",2015,3,"September",0
"Bangladesh",2015,3,NULL,90.0
"Bangladesh",2015,4,"December",0
"Bangladesh",2015,4,"November",0
"Bangladesh",2015,4,"October",0
"Bangladesh",2015,4,NULL,0
"Bangladesh",2015,NULL,NULL,300.0
"Bangladesh",2016,1,"February",0
"Bangladesh",2016,1,"January",5.0
"Bangladesh",2016,1,"March",0
"Bangladesh",2016,1,NULL,5.0
"Bangladesh",2016,2,"April",0
"Bangladesh",2016,2,"June",0
"Bangladesh",2016,2,"May",87.0
"Bangladesh",2016,2,NULL,87.0
"Bangladesh",2016,3,"August",123.0
"Bangladesh",2016,3,"July",0
"Bangladesh",2016,3,"September",56.0
"Bangladesh",2016,3,NULL,179.0
"Bangladesh",2016,4,"December",0
"Bangladesh",2016,4,"November",0
"Bangladesh",2016,4,"October",0
"Bangladesh",2016,4,NULL,0
"Bangladesh",2016,NULL,NULL,271.0
"Bangladesh",2017,1,"February",0
"Bangladesh",2017,1,"January",0
"Bangladesh",2017,1,"March",0
"Bangladesh",2017,1,NULL,0
"Bangladesh",2017,2,"April",0
"Bangladesh",2017,2,"June",160.0
"Bangladesh",2017,2,"May",19.0
"Bangladesh",2017,2,NULL,179.0
"Bangladesh",2017,3,"August",144.0
"Bangladesh",2017,3,"July",13.0
"Bangladesh",2017,3,"September",63.0
"Bangladesh",2017,3,NULL,220.0
"Bangladesh",2017,4,"December",25.0
"Bangladesh",2017,4,"November",0
"Bangladesh",2017,4,"October",70.0
"Bangladesh",2017,4,NULL,95.0
"Bangladesh",2017,NULL,NULL,494.0
"Bangladesh",2018,1,"February",0
"Bangladesh",2018,1,"January",34.0
"Bangladesh",2018,1,"March",0
"Bangladesh",2018,1,NULL,34.0
"Bangladesh",2018,2,"April",33.0
"Bangladesh",2018,2,"June",14.0
"Bangladesh",2018,2,"May",21.0
"Bangladesh",2018,2,NULL,68.0
"Bangladesh",2018,3,"August",0
"Bangladesh",2018,3,"July",0
"Bangladesh",2018,3,"September",0
"Bangladesh",2018,3,NULL,0
"Bangladesh",2018,4,"December",0
"Bangladesh",2018,4,"November",0
"Bangladesh",2018,4,"October",0
"Bangladesh",2018,4,NULL,0
"Bangladesh",2018,NULL,NULL,102.0
"Bangladesh",2019,1,"February",87.0
"Bangladesh",2019,1,"January",0
"Bangladesh",2019,1,"March",40.0
"Bangladesh",2019,1,NULL,127.0
"Bangladesh",2019,2,"April",0
"Bangladesh",2019,2,"June",4.0
"Bangladesh",2019,2,"May",39.0
"Bangladesh",2019,2,NULL,43.0
"Bangladesh",2019,3,"August",0
"Bangladesh",2019,3,"July",2.0
"Bangladesh",2019,3,"September",0
"Bangladesh",2019,3,NULL,2.0
"Bangladesh",2019,4,"December",10.0
"Bangladesh",2019,4,"November",56.0
"Bangladesh",2019,4,"October",0
"Bangladesh",2019,4,NULL,66.0
"Bangladesh",2019,NULL,NULL,238.0
"Bangladesh",2020,1,"February",15.0
"Bangladesh",2020,1,"January",0
"Bangladesh",2020,1,"March",0
"Bangladesh",2020,1,NULL,15.0
"Bangladesh",2020,2,"April",0
"Bangladesh",2020,2,"June",50.0
"Bangladesh",2020,2,"May",26.0
"Bangladesh",2020,2,NULL,76.0
"Bangladesh",2020,3,"August",0
"Bangladesh",2020,3,"July",0
"Bangladesh",2020,3,"September",281.0
"Bangladesh",2020,3,NULL,281.0
"Bangladesh",2020,4,"December",0
"Bangladesh",2020,4,"November",0
"Bangladesh",2020,4,"October",0
"Bangladesh",2020,4,NULL,0
"Bangladesh",2020,NULL,NULL,372.0
"Bangladesh",NULL,NULL,NULL,10841.0
"Canada",2005,1,"February",0
"Canada",2005,1,"January",0
"Canada",2005,1,"March",0
"Canada",2005,1,NULL,0
"Canada",2005,2,"April",0
"Canada",2005,2,"June",0
"Canada",2005,2,"May",0
"Canada",2005,2,NULL,0
"Canada",2005,3,"August",0
"Canada",2005,3,"July",4.0
"Canada",2005,3,"September",0
"Canada",2005,3,NULL,4.0
"Canada",2005,4,"December",0
"Canada",2005,4,"November",0
"Canada",2005,4,"October",0
"Canada",2005,4,NULL,0
"Canada",2005,NULL,NULL,4.0
"Canada",2006,1,"February",0
"Canada",2006,1,"January",0
"Canada",2006,1,"March",0
"Canada",2006,1,NULL,0
"Canada",2006,2,"April",0
"Canada",2006,2,"June",0
"Canada",2006,2,"May",1.0
"Canada",2006,2,NULL,1.0
"Canada",2006,3,"August",0
"Canada",2006,3,"July",0
"Canada",2006,3,"September",0
"Canada",2006,3,NULL,0
"Canada",2006,4,"December",0
"Canada",2006,4,"November",0
"Canada",2006,4,"October",0
"Canada",2006,4,NULL,0
"Canada",2006,NULL,NULL,1.0
"Canada",2007,1,"February",2.0
"Canada",2007,1,"January",0
"Canada",2007,1,"March",0
"Canada",2007,1,NULL,2.0
"Canada",2007,2,"April",0
"Canada",2007,2,"June",0
"Canada",2007,2,"May",0
"Canada",2007,2,NULL,0
"Canada",2007,3,"August",0
"Canada",2007,3,"July",0
"Canada",2007,3,"September",0
"Canada",2007,3,NULL,0
"Canada",2007,4,"December",4.0
"Canada",2007,4,"November",0
"Canada",2007,4,"October",0
"Canada",2007,4,NULL,4.0
"Canada",2007,NULL,NULL,6.0
"Canada",2008,1,"February",0
"Canada",2008,1,"January",0
"Canada",2008,1,"March",0
"Canada",2008,1,NULL,0
"Canada",2008,2,"April",0
"Canada",2008,2,"June",0
"Canada",2008,2,"May",0
"Canada",2008,2,NULL,0
"Canada",2008,3,"August",2.0
"Canada",2008,3,"July",0
"Canada",2008,3,"September",0
"Canada",2008,3,NULL,2.0
"Canada",2008,4,"December",0
"Canada",2008,4,"November",0
"Canada",2008,4,"October",0
"Canada",2008,4,NULL,0
"Canada",2008,NULL,NULL,2.0
"Canada",2009,1,"February",0
"Canada",2009,1,"January",0
"Canada",2009,1,"March",16.0
"Canada",2009,1,NULL,16.0
"Canada",2009,2,"April",0
"Canada",2009,2,"June",0
"Canada",2009,2,"May",0
"Canada",2009,2,NULL,0
"Canada",2009,3,"August",2.0
"Canada",2009,3,"July",0
"Canada",2009,3,"September",0
"Canada",2009,3,NULL,2.0
"Canada",2009,4,"December",0
"Canada",2009,4,"November",0
"Canada",2009,4,"October",0
"Canada",2009,4,NULL,0
"Canada",2009,NULL,NULL,18.0
"Canada",2010,1,"February",0
"Canada",2010,1,"January",0
"Canada",2010,1,"March",0
"Canada",2010,1,NULL,0
"Canada",2010,2,"April",0
"Canada",2010,2,"June",0
"Canada",2010,2,"May",0
"Canada",2010,2,NULL,0
"Canada",2010,3,"August",0
"Canada",2010,3,"July",0
"Canada",2010,3,"September",0
"Canada",2010,3,NULL,0
"Canada",2010,4,"December",0
"Canada",2010,4,"November",0
"Canada",2010,4,"October",0
"Canada",2010,4,NULL,0
"Canada",2010,NULL,NULL,0
"Canada",2011,1,"February",0
"Canada",2011,1,"January",0
"Canada",2011,1,"March",0
"Canada",2011,1,NULL,0
"Canada",2011,2,"April",0
"Canada",2011,2,"June",0
"Canada",2011,2,"May",6.0
"Canada",2011,2,NULL,6.0
"Canada",2011,3,"August",14.0
"Canada",2011,3,"July",0
"Canada",2011,3,"September",0
"Canada",2011,3,NULL,14.0
"Canada",2011,4,"December",0
"Canada",2011,4,"November",0
"Canada",2011,4,"October",0
"Canada",2011,4,NULL,0
"Canada",2011,NULL,NULL,20.0
"Canada",2012,1,"February",11.0
"Canada",2012,1,"January",0
"Canada",2012,1,"March",0
"Canada",2012,1,NULL,11.0
"Canada",2012,2,"April",0
"Canada",2012,2,"June",0
"Canada",2012,2,"May",0
"Canada",2012,2,NULL,0
"Canada",2012,3,"August",0
"Canada",2012,3,"July",0
"Canada",2012,3,"September",0
"Canada",2012,3,NULL,0
"Canada",2012,4,"December",0
"Canada",2012,4,"November",0
"Canada",2012,4,"October",0
"Canada",2012,4,NULL,0
"Canada",2012,NULL,NULL,11.0
"Canada",2013,1,"February",0
"Canada",2013,1,"January",0
"Canada",2013,1,"March",0
"Canada",2013,1,NULL,0
"Canada",2013,2,"April",0
"Canada",2013,2,"June",4.0
"Canada",2013,2,"May",0
"Canada",2013,2,NULL,4.0
"Canada",2013,3,"August",0
"Canada",2013,3,"July",47.0
"Canada",2013,3,"September",0
"Canada",2013,3,NULL,47.0
"Canada",2013,4,"December",10.0
"Canada",2013,4,"November",0
"Canada",2013,4,"October",0
"Canada",2013,4,NULL,10.0
"Canada",2013,NULL,NULL,61.0
"Canada",2014,1,"February",0
"Canada",2014,1,"January",32.0
"Canada",2014,1,"March",0
"Canada",2014,1,NULL,32.0
"Canada",2014,2,"April",0
"Canada",2014,2,"June",0
"Canada",2014,2,"May",0
"Canada",2014,2,NULL,0
"Canada",2014,3,"August",0
"Canada",2014,3,"July",0
"Canada",2014,3,"September",0
"Canada",2014,3,NULL,0
"Canada",2014,4,"December",0
"Canada",2014,4,"November",0
"Canada",2014,4,"October",0
"Canada",2014,4,NULL,0
"Canada",2014,NULL,NULL,32.0
"Canada",2015,1,"February",0
"Canada",2015,1,"January",0
"Canada",2015,1,"March",0
"Canada",2015,1,NULL,0
"Canada",2015,2,"April",0
"Canada",2015,2,"June",0
"Canada",2015,2,"May",0
"Canada",2015,2,NULL,0
"Canada",2015,3,"August",0
"Canada",2015,3,"July",0
"Canada",2015,3,"September",0
"Canada",2015,3,NULL,0
"Canada",2015,4,"December",0
"Canada",2015,4,"November",0
"Canada",2015,4,"October",0
"Canada",2015,4,NULL,0
"Canada",2015,NULL,NULL,0
"Canada",2016,1,"February",0
"Canada",2016,1,"January",0
"Canada",2016,1,"March",0
"Canada",2016,1,NULL,0
"Canada",2016,2,"April",0
"Canada",2016,2,"June",0
"Canada",2016,2,"May",0
"Canada",2016,2,NULL,0
"Canada",2016,3,"August",0
"Canada",2016,3,"July",0
"Canada",2016,3,"September",0
"Canada",2016,3,NULL,0
"Canada",2016,4,"December",0
"Canada",2016,4,"November",0
"Canada",2016,4,"October",0
"Canada",2016,4,NULL,0
"Canada",2016,NULL,NULL,0
"Canada",2017,1,"February",0
"Canada",2017,1,"January",0
"Canada",2017,1,"March",0
"Canada",2017,1,NULL,0
"Canada",2017,2,"April",0
"Canada",2017,2,"June",0
"Canada",2017,2,"May",2.0
"Canada",2017,2,NULL,2.0
"Canada",2017,3,"August",0
"Canada",2017,3,"July",0
"Canada",2017,3,"September",0
"Canada",2017,3,NULL,0
"Canada",2017,4,"December",0
"Canada",2017,4,"November",0
"Canada",2017,4,"October",0
"Canada",2017,4,NULL,0
"Canada",2017,NULL,NULL,2.0
"Canada",2018,1,"February",0
"Canada",2018,1,"January",0
"Canada",2018,1,"March",0
"Canada",2018,1,NULL,0
"Canada",2018,2,"April",16.0
"Canada",2018,2,"June",0
"Canada",2018,2,"May",0
"Canada",2018,2,NULL,16.0
"Canada",2018,3,"August",0
"Canada",2018,3,"July",70.0
"Canada",2018,3,"September",0
"Canada",2018,3,NULL,70.0
"Canada",2018,4,"December",0
"Canada",2018,4,"November",0
"Canada",2018,4,"October",0
"Canada",2018,4,NULL,0
"Canada",2018,NULL,NULL,86.0
"Canada",2019,1,"February",0
"Canada",2019,1,"January",0
"Canada",2019,1,"March",0
"Canada",2019,1,NULL,0
"Canada",2019,2,"April",0
"Canada",2019,2,"June",0
"Canada",2019,2,"May",1.0
"Canada",2019,2,NULL,1.0
"Canada",2019,3,"August",0
"Canada",2019,3,"July",0
"Canada",2019,3,"September",0
"Canada",2019,3,NULL,0
"Canada",2019,4,"December",0
"Canada",2019,4,"November",1.0
"Canada",2019,4,"October",0
"Canada",2019,4,NULL,1.0
"Canada",2019,NULL,NULL,2.0
"Canada",2020,1,"February",0
"Canada",2020,1,"January",0
"Canada",2020,1,"March",0
"Canada",2020,1,NULL,0
"Canada",2020,2,"April",1.0
"Canada",2020,2,"June",0
"Canada",2020,2,"May",0
"Canada",2020,2,NULL,1.0
"Canada",2020,3,"August",0
"Canada",2020,3,"July",0
"Canada",2020,3,"September",0
"Canada",2020,3,NULL,0
"Canada",2020,4,"December",0
"Canada",2020,4,"November",0
"Canada",2020,4,"October",0
"Canada",2020,4,NULL,0
"Canada",2020,NULL,NULL,1.0
"Canada",NULL,NULL,NULL,246.0
"Chad",2005,1,"February",0
"Chad",2005,1,"January",14.0
"Chad",2005,1,"March",0
"Chad",2005,1,NULL,14.0
"Chad",2005,2,"April",0
"Chad",2005,2,"June",0
"Chad",2005,2,"May",115.0
"Chad",2005,2,NULL,115.0
"Chad",2005,3,"August",0
"Chad",2005,3,"July",0
"Chad",2005,3,"September",0
"Chad",2005,3,NULL,0
"Chad",2005,4,"December",0
"Chad",2005,4,"November",0
"Chad",2005,4,"October",0
"Chad",2005,4,NULL,0
"Chad",2005,NULL,NULL,129.0
"Chad",2006,1,"February",0
"Chad",2006,1,"January",0
"Chad",2006,1,"March",0
"Chad",2006,1,NULL,0
"Chad",2006,2,"April",0
"Chad",2006,2,"June",20.0
"Chad",2006,2,"May",0
"Chad",2006,2,NULL,20.0
"Chad",2006,3,"August",0
"Chad",2006,3,"July",0
"Chad",2006,3,"September",0
"Chad",2006,3,NULL,0
"Chad",2006,4,"December",0
"Chad",2006,4,"November",0
"Chad",2006,4,"October",52.0
"Chad",2006,4,NULL,52.0
"Chad",2006,NULL,NULL,72.0
"Chad",2007,1,"February",0
"Chad",2007,1,"January",0
"Chad",2007,1,"March",0
"Chad",2007,1,NULL,0
"Chad",2007,2,"April",0
"Chad",2007,2,"June",0
"Chad",2007,2,"May",14.0
"Chad",2007,2,NULL,14.0
"Chad",2007,3,"August",3.0
"Chad",2007,3,"July",0
"Chad",2007,3,"September",12.0
"Chad",2007,3,NULL,15.0
"Chad",2007,4,"December",0
"Chad",2007,4,"November",0
"Chad",2007,4,"October",0
"Chad",2007,4,NULL,0
"Chad",2007,NULL,NULL,29.0
"Chad",2008,1,"February",0
"Chad",2008,1,"January",0
"Chad",2008,1,"March",0
"Chad",2008,1,NULL,0
"Chad",2008,2,"April",0
"Chad",2008,2,"June",0
"Chad",2008,2,"May",0
"Chad",2008,2,NULL,0
"Chad",2008,3,"August",0
"Chad",2008,3,"July",0
"Chad",2008,3,"September",0
"Chad",2008,3,NULL,0
"Chad",2008,4,"December",0
"Chad",2008,4,"November",0
"Chad",2008,4,"October",22.0
"Chad",2008,4,NULL,22.0
"Chad",2008,NULL,NULL,22.0
"Chad",2009,1,"February",0
"Chad",2009,1,"January",0
"Chad",2009,1,"March",0
"Chad",2009,1,NULL,0
"Chad",2009,2,"April",102.0
"Chad",2009,2,"June",0
"Chad",2009,2,"May",0
"Chad",2009,2,NULL,102.0
"Chad",2009,3,"August",3.0
"Chad",2009,3,"July",0
"Chad",2009,3,"September",3.0
"Chad",2009,3,NULL,6.0
"Chad",2009,4,"December",0
"Chad",2009,4,"November",0
"Chad",2009,4,"October",0
"Chad",2009,4,NULL,0
"Chad",2009,NULL,NULL,108.0
"Chad",2010,1,"February",0
"Chad",2010,1,"January",0
"Chad",2010,1,"March",147.0
"Chad",2010,1,NULL,147.0
"Chad",2010,2,"April",0
"Chad",2010,2,"June",0
"Chad",2010,2,"May",0
"Chad",2010,2,NULL,0
"Chad",2010,3,"August",0
"Chad",2010,3,"July",0
"Chad",2010,3,"September",116.0
"Chad",2010,3,NULL,116.0
"Chad",2010,4,"December",0
"Chad",2010,4,"November",0
"Chad",2010,4,"October",0
"Chad",2010,4,NULL,0
"Chad",2010,NULL,NULL,263.0
"Chad",2011,1,"February",0
"Chad",2011,1,"January",0
"Chad",2011,1,"March",124.0
"Chad",2011,1,NULL,124.0
"Chad",2011,2,"April",0
"Chad",2011,2,"June",0
"Chad",2011,2,"May",0
"Chad",2011,2,NULL,0
"Chad",2011,3,"August",0
"Chad",2011,3,"July",0
"Chad",2011,3,"September",0
"Chad",2011,3,NULL,0
"Chad",2011,4,"December",0
"Chad",2011,4,"November",0
"Chad",2011,4,"October",433.0
"Chad",2011,4,NULL,433.0
"Chad",2011,NULL,NULL,557.0
"Chad",2012,1,"February",0
"Chad",2012,1,"January",0
"Chad",2012,1,"March",88.0
"Chad",2012,1,NULL,88.0
"Chad",2012,2,"April",0
"Chad",2012,2,"June",0
"Chad",2012,2,"May",0
"Chad",2012,2,NULL,0
"Chad",2012,3,"August",0
"Chad",2012,3,"July",0
"Chad",2012,3,"September",20.0
"Chad",2012,3,NULL,20.0
"Chad",2012,4,"December",0
"Chad",2012,4,"November",0
"Chad",2012,4,"October",0
"Chad",2012,4,NULL,0
"Chad",2012,NULL,NULL,108.0
"Chad",2013,1,"February",0
"Chad",2013,1,"January",0
"Chad",2013,1,"March",0
"Chad",2013,1,NULL,0
"Chad",2013,2,"April",0
"Chad",2013,2,"June",0
"Chad",2013,2,"May",0
"Chad",2013,2,NULL,0
"Chad",2013,3,"August",0
"Chad",2013,3,"July",0
"Chad",2013,3,"September",0
"Chad",2013,3,NULL,0
"Chad",2013,4,"December",0
"Chad",2013,4,"November",0
"Chad",2013,4,"October",0
"Chad",2013,4,NULL,0
"Chad",2013,NULL,NULL,0
"Chad",2014,1,"February",0
"Chad",2014,1,"January",0
"Chad",2014,1,"March",0
"Chad",2014,1,NULL,0
"Chad",2014,2,"April",0
"Chad",2014,2,"June",0
"Chad",2014,2,"May",0
"Chad",2014,2,NULL,0
"Chad",2014,3,"August",0
"Chad",2014,3,"July",0
"Chad",2014,3,"September",0
"Chad",2014,3,NULL,0
"Chad",2014,4,"December",0
"Chad",2014,4,"November",0
"Chad",2014,4,"October",0
"Chad",2014,4,NULL,0
"Chad",2014,NULL,NULL,0
"Chad",2015,1,"February",0
"Chad",2015,1,"January",0
"Chad",2015,1,"March",0
"Chad",2015,1,NULL,0
"Chad",2015,2,"April",0
"Chad",2015,2,"June",0
"Chad",2015,2,"May",0
"Chad",2015,2,NULL,0
"Chad",2015,3,"August",0
"Chad",2015,3,"July",0
"Chad",2015,3,"September",0
"Chad",2015,3,NULL,0
"Chad",2015,4,"December",0
"Chad",2015,4,"November",0
"Chad",2015,4,"October",0
"Chad",2015,4,NULL,0
"Chad",2015,NULL,NULL,0
"Chad",2016,1,"February",0
"Chad",2016,1,"January",0
"Chad",2016,1,"March",0
"Chad",2016,1,NULL,0
"Chad",2016,2,"April",0
"Chad",2016,2,"June",0
"Chad",2016,2,"May",0
"Chad",2016,2,NULL,0
"Chad",2016,3,"August",0
"Chad",2016,3,"July",0
"Chad",2016,3,"September",0
"Chad",2016,3,NULL,0
"Chad",2016,4,"December",0
"Chad",2016,4,"November",0
"Chad",2016,4,"October",0
"Chad",2016,4,NULL,0
"Chad",2016,NULL,NULL,0
"Chad",2017,1,"February",0
"Chad",2017,1,"January",0
"Chad",2017,1,"March",0
"Chad",2017,1,NULL,0
"Chad",2017,2,"April",0
"Chad",2017,2,"June",0
"Chad",2017,2,"May",0
"Chad",2017,2,NULL,0
"Chad",2017,3,"August",0
"Chad",2017,3,"July",0
"Chad",2017,3,"September",0
"Chad",2017,3,NULL,0
"Chad",2017,4,"December",0
"Chad",2017,4,"November",0
"Chad",2017,4,"October",58.0
"Chad",2017,4,NULL,58.0
"Chad",2017,NULL,NULL,58.0
"Chad",2018,1,"February",0
"Chad",2018,1,"January",0
"Chad",2018,1,"March",0
"Chad",2018,1,NULL,0
"Chad",2018,2,"April",0
"Chad",2018,2,"June",0
"Chad",2018,2,"May",0
"Chad",2018,2,NULL,0
"Chad",2018,3,"August",0
"Chad",2018,3,"July",0
"Chad",2018,3,"September",0
"Chad",2018,3,NULL,0
"Chad",2018,4,"December",0
"Chad",2018,4,"November",0
"Chad",2018,4,"October",0
"Chad",2018,4,NULL,0
"Chad",2018,NULL,NULL,0
"Chad",2019,1,"February",0
"Chad",2019,1,"January",0
"Chad",2019,1,"March",0
"Chad",2019,1,NULL,0
"Chad",2019,2,"April",0
"Chad",2019,2,"June",0
"Chad",2019,2,"May",0
"Chad",2019,2,NULL,0
"Chad",2019,3,"August",0
"Chad",2019,3,"July",0
"Chad",2019,3,"September",52.0
"Chad",2019,3,NULL,52.0
"Chad",2019,4,"December",0
"Chad",2019,4,"November",0
"Chad",2019,4,"October",0
"Chad",2019,4,NULL,0
"Chad",2019,NULL,NULL,52.0
"Chad",2020,1,"February",0
"Chad",2020,1,"January",0
"Chad",2020,1,"March",0
"Chad",2020,1,NULL,0
"Chad",2020,2,"April",0
"Chad",2020,2,"June",0
"Chad",2020,2,"May",0
"Chad",2020,2,NULL,0
"Chad",2020,3,"August",0
"Chad",2020,3,"July",0
"Chad",2020,3,"September",0
"Chad",2020,3,NULL,0
"Chad",2020,4,"December",0
"Chad",2020,4,"November",0
"Chad",2020,4,"October",3.0
"Chad",2020,4,NULL,3.0
"Chad",2020,NULL,NULL,3.0
"Chad",NULL,NULL,NULL,1401.0
"Guinea",2005,1,"February",0
"Guinea",2005,1,"January",0
"Guinea",2005,1,"March",0
"Guinea",2005,1,NULL,0
"Guinea",2005,2,"April",0
"Guinea",2005,2,"June",0
"Guinea",2005,2,"May",0
"Guinea",2005,2,NULL,0
"Guinea",2005,3,"August",0
"Guinea",2005,3,"July",0
"Guinea",2005,3,"September",10.0
"Guinea",2005,3,NULL,10.0
"Guinea",2005,4,"December",0
"Guinea",2005,4,"November",0
"Guinea",2005,4,"October",72.0
"Guinea",2005,4,NULL,72.0
"Guinea",2005,NULL,NULL,82.0
"Guinea",2006,1,"February",0
"Guinea",2006,1,"January",19.0
"Guinea",2006,1,"March",18.0
"Guinea",2006,1,NULL,37.0
"Guinea",2006,2,"April",0
"Guinea",2006,2,"June",0
"Guinea",2006,2,"May",11.0
"Guinea",2006,2,NULL,11.0
"Guinea",2006,3,"August",0
"Guinea",2006,3,"July",0
"Guinea",2006,3,"September",0
"Guinea",2006,3,NULL,0
"Guinea",2006,4,"December",13.0
"Guinea",2006,4,"November",0
"Guinea",2006,4,"October",111.0
"Guinea",2006,4,NULL,124.0
"Guinea",2006,NULL,NULL,172.0
"Guinea",2007,1,"February",0
"Guinea",2007,1,"January",0
"Guinea",2007,1,"March",116.0
"Guinea",2007,1,NULL,116.0
"Guinea",2007,2,"April",0
"Guinea",2007,2,"June",0
"Guinea",2007,2,"May",0
"Guinea",2007,2,NULL,0
"Guinea",2007,3,"August",90.0
"Guinea",2007,3,"July",0
"Guinea",2007,3,"September",0
"Guinea",2007,3,NULL,90.0
"Guinea",2007,4,"December",0
"Guinea",2007,4,"November",0
"Guinea",2007,4,"October",0
"Guinea",2007,4,NULL,0
"Guinea",2007,NULL,NULL,206.0
"Guinea",2008,1,"February",0
"Guinea",2008,1,"January",0
"Guinea",2008,1,"March",14.0
"Guinea",2008,1,NULL,14.0
"Guinea",2008,2,"April",0
"Guinea",2008,2,"June",0
"Guinea",2008,2,"May",0
"Guinea",2008,2,NULL,0
"Guinea",2008,3,"August",0
"Guinea",2008,3,"July",0
"Guinea",2008,3,"September",0
"Guinea",2008,3,NULL,0
"Guinea",2008,4,"December",0
"Guinea",2008,4,"November",13.0
"Guinea",2008,4,"October",0
"Guinea",2008,4,NULL,13.0
"Guinea",2008,NULL,NULL,27.0
"Guinea",2009,1,"February",0
"Guinea",2009,1,"January",0
"Guinea",2009,1,"March",0
"Guinea",2009,1,NULL,0
"Guinea",2009,2,"April",0
"Guinea",2009,2,"June",0
"Guinea",2009,2,"May",13.0
"Guinea",2009,2,NULL,13.0
"Guinea",2009,3,"August",2.0
"Guinea",2009,3,"July",0
"Guinea",2009,3,"September",0
"Guinea",2009,3,NULL,2.0
"Guinea",2009,4,"December",0
"Guinea",2009,4,"November",0
"Guinea",2009,4,"October",0
"Guinea",2009,4,NULL,0
"Guinea",2009,NULL,NULL,15.0
"Guinea",2010,1,"February",0
"Guinea",2010,1,"January",0
"Guinea",2010,1,"March",0
"Guinea",2010,1,NULL,0
"Guinea",2010,2,"April",0
"Guinea",2010,2,"June",0
"Guinea",2010,2,"May",0
"Guinea",2010,2,NULL,0
"Guinea",2010,3,"August",0
"Guinea",2010,3,"July",7.0
"Guinea",2010,3,"September",1.0
"Guinea",2010,3,NULL,8.0
"Guinea",2010,4,"December",0
"Guinea",2010,4,"November",19.0
"Guinea",2010,4,"October",0
"Guinea",2010,4,NULL,19.0
"Guinea",2010,NULL,NULL,27.0
"Guinea",2011,1,"February",0
"Guinea",2011,1,"January",0
"Guinea",2011,1,"March",0
"Guinea",2011,1,NULL,0
"Guinea",2011,2,"April",0
"Guinea",2011,2,"June",0
"Guinea",2011,2,"May",0
"Guinea",2011,2,NULL,0
"Guinea",2011,3,"August",0
"Guinea",2011,3,"July",0
"Guinea",2011,3,"September",0
"Guinea",2011,3,NULL,0
"Guinea",2011,4,"December",36.0
"Guinea",2011,4,"November",0
"Guinea",2011,4,"October",20.0
"Guinea",2011,4,NULL,56.0
"Guinea",2011,NULL,NULL,56.0
"Guinea",2012,1,"February",0
"Guinea",2012,1,"January",0
"Guinea",2012,1,"March",50.0
"Guinea",2012,1,NULL,50.0
"Guinea",2012,2,"April",0
"Guinea",2012,2,"June",0
"Guinea",2012,2,"May",0
"Guinea",2012,2,NULL,0
"Guinea",2012,3,"August",40.0
"Guinea",2012,3,"July",0
"Guinea",2012,3,"September",105.0
"Guinea",2012,3,NULL,145.0
"Guinea",2012,4,"December",20.0
"Guinea",2012,4,"November",0
"Guinea",2012,4,"October",0
"Guinea",2012,4,NULL,20.0
"Guinea",2012,NULL,NULL,215.0
"Guinea",2013,1,"February",0
"Guinea",2013,1,"January",0
"Guinea",2013,1,"March",0
"Guinea",2013,1,NULL,0
"Guinea",2013,2,"April",0
"Guinea",2013,2,"June",0
"Guinea",2013,2,"May",0
"Guinea",2013,2,NULL,0
"Guinea",2013,3,"August",0
"Guinea",2013,3,"July",0
"Guinea",2013,3,"September",0
"Guinea",2013,3,NULL,0
"Guinea",2013,4,"December",0
"Guinea",2013,4,"November",25.0
"Guinea",2013,4,"October",0
"Guinea",2013,4,NULL,25.0
"Guinea",2013,NULL,NULL,25.0
"Guinea",2014,1,"February",0
"Guinea",2014,1,"January",0
"Guinea",2014,1,"March",0
"Guinea",2014,1,NULL,0
"Guinea",2014,2,"April",0
"Guinea",2014,2,"June",11.0
"Guinea",2014,2,"May",0
"Guinea",2014,2,NULL,11.0
"Guinea",2014,3,"August",0
"Guinea",2014,3,"July",34.0
"Guinea",2014,3,"September",0
"Guinea",2014,3,NULL,34.0
"Guinea",2014,4,"December",0
"Guinea",2014,4,"November",0
"Guinea",2014,4,"October",38.0
"Guinea",2014,4,NULL,38.0
"Guinea",2014,NULL,NULL,83.0
"Guinea",2015,1,"February",0
"Guinea",2015,1,"January",0
"Guinea",2015,1,"March",10.0
"Guinea",2015,1,NULL,10.0
"Guinea",2015,2,"April",0
"Guinea",2015,2,"June",0
"Guinea",2015,2,"May",0
"Guinea",2015,2,NULL,0
"Guinea",2015,3,"August",9.0
"Guinea",2015,3,"July",0
"Guinea",2015,3,"September",7.0
"Guinea",2015,3,NULL,16.0
"Guinea",2015,4,"December",12.0
"Guinea",2015,4,"November",0
"Guinea",2015,4,"October",0
"Guinea",2015,4,NULL,12.0
"Guinea",2015,NULL,NULL,38.0
"Guinea",2016,1,"February",15.0
"Guinea",2016,1,"January",0
"Guinea",2016,1,"March",0
"Guinea",2016,1,NULL,15.0
"Guinea",2016,2,"April",0
"Guinea",2016,2,"June",0
"Guinea",2016,2,"May",0
"Guinea",2016,2,NULL,0
"Guinea",2016,3,"August",0
"Guinea",2016,3,"July",0
"Guinea",2016,3,"September",0
"Guinea",2016,3,NULL,0
"Guinea",2016,4,"December",0
"Guinea",2016,4,"November",0
"Guinea",2016,4,"October",0
"Guinea",2016,4,NULL,0
"Guinea",2016,NULL,NULL,15.0
"Guinea",2017,1,"February",0
"Guinea",2017,1,"January",0
"Guinea",2017,1,"March",0
"Guinea",2017,1,NULL,0
"Guinea",2017,2,"April",0
"Guinea",2017,2,"June",0
"Guinea",2017,2,"May",0
"Guinea",2017,2,NULL,0
"Guinea",2017,3,"August",0
"Guinea",2017,3,"July",0
"Guinea",2017,3,"September",0
"Guinea",2017,3,NULL,0
"Guinea",2017,4,"December",0
"Guinea",2017,4,"November",0
"Guinea",2017,4,"October",0
"Guinea",2017,4,NULL,0
"Guinea",2017,NULL,NULL,0
"Guinea",2018,1,"February",0
"Guinea",2018,1,"January",0
"Guinea",2018,1,"March",0
"Guinea",2018,1,NULL,0
"Guinea",2018,2,"April",0
"Guinea",2018,2,"June",0
"Guinea",2018,2,"May",0
"Guinea",2018,2,NULL,0
"Guinea",2018,3,"August",0
"Guinea",2018,3,"July",0
"Guinea",2018,3,"September",0
"Guinea",2018,3,NULL,0
"Guinea",2018,4,"December",18.0
"Guinea",2018,4,"November",0
"Guinea",2018,4,"October",0
"Guinea",2018,4,NULL,18.0
"Guinea",2018,NULL,NULL,18.0
"Guinea",2019,1,"February",17.0
"Guinea",2019,1,"January",0
"Guinea",2019,1,"March",0
"Guinea",2019,1,NULL,17.0
"Guinea",2019,2,"April",0
"Guinea",2019,2,"June",0
"Guinea",2019,2,"May",0
"Guinea",2019,2,NULL,0
"Guinea",2019,3,"August",0
"Guinea",2019,3,"July",0
"Guinea",2019,3,"September",0
"Guinea",2019,3,NULL,0
"Guinea",2019,4,"December",0
"Guinea",2019,4,"November",10.0
"Guinea",2019,4,"October",0
"Guinea",2019,4,NULL,10.0
"Guinea",2019,NULL,NULL,27.0
"Guinea",2020,1,"February",0
"Guinea",2020,1,"January",0
"Guinea",2020,1,"March",0
"Guinea",2020,1,NULL,0
"Guinea",2020,2,"April",0
"Guinea",2020,2,"June",0
"Guinea",2020,2,"May",0
"Guinea",2020,2,NULL,0
"Guinea",2020,3,"August",0
"Guinea",2020,3,"July",0
"Guinea",2020,3,"September",0
"Guinea",2020,3,NULL,0
"Guinea",2020,4,"December",0
"Guinea",2020,4,"November",0
"Guinea",2020,4,"October",0
"Guinea",2020,4,NULL,0
"Guinea",2020,NULL,NULL,0
"Guinea",NULL,NULL,NULL,1006.0
"Indonesia",2005,1,"February",143.0
"Indonesia",2005,1,"January",1.0
"Indonesia",2005,1,"March",963.0
"Indonesia",2005,1,NULL,1107.0
"Indonesia",2005,2,"April",47.0
"Indonesia",2005,2,"June",2.0
"Indonesia",2005,2,"May",0
"Indonesia",2005,2,NULL,49.0
"Indonesia",2005,3,"August",0
"Indonesia",2005,3,"July",200.0
"Indonesia",2005,3,"September",193.0
"Indonesia",2005,3,NULL,393.0
"Indonesia",2005,4,"December",0
"Indonesia",2005,4,"November",0
"Indonesia",2005,4,"October",28.0
"Indonesia",2005,4,NULL,28.0
"Indonesia",2005,NULL,NULL,1577.0
"Indonesia",2006,1,"February",58.0
"Indonesia",2006,1,"January",214.0
"Indonesia",2006,1,"March",3.0
"Indonesia",2006,1,NULL,275.0
"Indonesia",2006,2,"April",74.0
"Indonesia",2006,2,"June",364.0
"Indonesia",2006,2,"May",5802.0
"Indonesia",2006,2,NULL,6240.0
"Indonesia",2006,3,"August",0
"Indonesia",2006,3,"July",802.0
"Indonesia",2006,3,"September",23.0
"Indonesia",2006,3,NULL,825.0
"Indonesia",2006,4,"December",476.0
"Indonesia",2006,4,"November",24.0
"Indonesia",2006,4,"October",0
"Indonesia",2006,4,NULL,500.0
"Indonesia",2006,NULL,NULL,7840.0
"Indonesia",2007,1,"February",167.0
"Indonesia",2007,1,"January",165.0
"Indonesia",2007,1,"March",179.0
"Indonesia",2007,1,NULL,511.0
"Indonesia",2007,2,"April",0
"Indonesia",2007,2,"June",4.0
"Indonesia",2007,2,"May",0
"Indonesia",2007,2,NULL,4.0
"Indonesia",2007,3,"August",103.0
"Indonesia",2007,3,"July",470.0
"Indonesia",2007,3,"September",29.0
"Indonesia",2007,3,NULL,602.0
"Indonesia",2007,4,"December",177.0
"Indonesia",2007,4,"November",3.0
"Indonesia",2007,4,"October",90.0
"Indonesia",2007,4,NULL,270.0
"Indonesia",2007,NULL,NULL,1387.0
"Indonesia",2008,1,"February",31.0
"Indonesia",2008,1,"January",3.0
"Indonesia",2008,1,"March",3.0
"Indonesia",2008,1,NULL,37.0
"Indonesia",2008,2,"April",0
"Indonesia",2008,2,"June",0
"Indonesia",2008,2,"May",21.0
"Indonesia",2008,2,NULL,21.0
"Indonesia",2008,3,"August",0
"Indonesia",2008,3,"July",16.0
"Indonesia",2008,3,"September",39.0
"Indonesia",2008,3,NULL,55.0
"Indonesia",2008,4,"December",0
"Indonesia",2008,4,"November",39.0
"Indonesia",2008,4,"October",30.0
"Indonesia",2008,4,NULL,69.0
"Indonesia",2008,NULL,NULL,182.0
"Indonesia",2009,1,"February",18.0
"Indonesia",2009,1,"January",295.0
"Indonesia",2009,1,"March",64.0
"Indonesia",2009,1,NULL,377.0
"Indonesia",2009,2,"April",35.0
"Indonesia",2009,2,"June",41.0
"Indonesia",2009,2,"May",125.0
"Indonesia",2009,2,NULL,201.0
"Indonesia",2009,3,"August",0
"Indonesia",2009,3,"July",0
"Indonesia",2009,3,"September",1361.0
"Indonesia",2009,3,NULL,1361.0
"Indonesia",2009,4,"December",26.0
"Indonesia",2009,4,"November",62.0
"Indonesia",2009,4,"October",0
"Indonesia",2009,4,NULL,88.0
"Indonesia",2009,NULL,NULL,2027.0
"Indonesia",2010,1,"February",0
"Indonesia",2010,1,"January",15.0
"Indonesia",2010,1,"March",44.0
"Indonesia",2010,1,NULL,59.0
"Indonesia",2010,2,"April",0
"Indonesia",2010,2,"June",29.0
"Indonesia",2010,2,"May",0
"Indonesia",2010,2,NULL,29.0
"Indonesia",2010,3,"August",10.0
"Indonesia",2010,3,"July",21.0
"Indonesia",2010,3,"September",25.0
"Indonesia",2010,3,NULL,56.0
"Indonesia",2010,4,"December",0
"Indonesia",2010,4,"November",16.0
"Indonesia",2010,4,"October",1214.0
"Indonesia",2010,4,NULL,1230.0
"Indonesia",2010,NULL,NULL,1374.0
"Indonesia",2011,1,"February",0
"Indonesia",2011,1,"January",27.0
"Indonesia",2011,1,"March",35.0
"Indonesia",2011,1,NULL,62.0
"Indonesia",2011,2,"April",18.0
"Indonesia",2011,2,"June",28.0
"Indonesia",2011,2,"May",44.0
"Indonesia",2011,2,NULL,90.0
"Indonesia",2011,3,"August",17.0
"Indonesia",2011,3,"July",16.0
"Indonesia",2011,3,"September",53.0
"Indonesia",2011,3,NULL,86.0
"Indonesia",2011,4,"December",216.0
"Indonesia",2011,4,"November",82.0
"Indonesia",2011,4,"October",0
"Indonesia",2011,4,NULL,298.0
"Indonesia",2011,NULL,NULL,536.0
"Indonesia",2012,1,"February",5.0
"Indonesia",2012,1,"January",16.0
"Indonesia",2012,1,"March",0
"Indonesia",2012,1,NULL,21.0
"Indonesia",2012,2,"April",7.0
"Indonesia",2012,2,"June",68.0
"Indonesia",2012,2,"May",96.0
"Indonesia",2012,2,NULL,171.0
"Indonesia",2012,3,"August",10.0
"Indonesia",2012,3,"July",16.0
"Indonesia",2012,3,"September",61.0
"Indonesia",2012,3,NULL,87.0
"Indonesia",2012,4,"December",3.0
"Indonesia",2012,4,"November",13.0
"Indonesia",2012,4,"October",0
"Indonesia",2012,4,NULL,16.0
"Indonesia",2012,NULL,NULL,295.0
"Indonesia",2013,1,"February",20.0
"Indonesia",2013,1,"January",64.0
"Indonesia",2013,1,"March",13.0
"Indonesia",2013,1,NULL,97.0
"Indonesia",2013,2,"April",11.0
"Indonesia",2013,2,"June",0
"Indonesia",2013,2,"May",28.0
"Indonesia",2013,2,NULL,39.0
"Indonesia",2013,3,"August",0
"Indonesia",2013,3,"July",88.0
"Indonesia",2013,3,"September",36.0
"Indonesia",2013,3,NULL,124.0
"Indonesia",2013,4,"December",4.0
"Indonesia",2013,4,"November",0
"Indonesia",2013,4,"October",1.0
"Indonesia",2013,4,NULL,5.0
"Indonesia",2013,NULL,NULL,265.0
"Indonesia",2014,1,"February",84.0
"Indonesia",2014,1,"January",50.0
"Indonesia",2014,1,"March",0
"Indonesia",2014,1,NULL,134.0
"Indonesia",2014,2,"April",0
"Indonesia",2014,2,"June",15.0
"Indonesia",2014,2,"May",0
"Indonesia",2014,2,NULL,15.0
"Indonesia",2014,3,"August",0
"Indonesia",2014,3,"July",49.0
"Indonesia",2014,3,"September",21.0
"Indonesia",2014,3,NULL,70.0
"Indonesia",2014,4,"December",270.0
"Indonesia",2014,4,"November",1.0
"Indonesia",2014,4,"October",61.0
"Indonesia",2014,4,NULL,332.0
"Indonesia",2014,NULL,NULL,551.0
"Indonesia",2015,1,"February",8.0
"Indonesia",2015,1,"January",1.0
"Indonesia",2015,1,"March",12.0
"Indonesia",2015,1,NULL,21.0
"Indonesia",2015,2,"April",0
"Indonesia",2015,2,"June",142.0
"Indonesia",2015,2,"May",13.0
"Indonesia",2015,2,NULL,155.0
"Indonesia",2015,3,"August",54.0
"Indonesia",2015,3,"July",11.0
"Indonesia",2015,3,"September",0
"Indonesia",2015,3,NULL,65.0
"Indonesia",2015,4,"December",147.0
"Indonesia",2015,4,"November",0
"Indonesia",2015,4,"October",0
"Indonesia",2015,4,NULL,147.0
"Indonesia",2015,NULL,NULL,388.0
"Indonesia",2016,1,"February",8.0
"Indonesia",2016,1,"January",0
"Indonesia",2016,1,"March",11.0
"Indonesia",2016,1,NULL,19.0
"Indonesia",2016,2,"April",0
"Indonesia",2016,2,"June",74.0
"Indonesia",2016,2,"May",15.0
"Indonesia",2016,2,NULL,89.0
"Indonesia",2016,3,"August",0
"Indonesia",2016,3,"July",0
"Indonesia",2016,3,"September",53.0
"Indonesia",2016,3,NULL,53.0
"Indonesia",2016,4,"December",127.0
"Indonesia",2016,4,"November",67.0
"Indonesia",2016,4,"October",11.0
"Indonesia",2016,4,NULL,205.0
"Indonesia",2016,NULL,NULL,366.0
"Indonesia",2017,1,"February",14.0
"Indonesia",2017,1,"January",40.0
"Indonesia",2017,1,"March",8.0
"Indonesia",2017,1,NULL,62.0
"Indonesia",2017,2,"April",51.0
"Indonesia",2017,2,"June",4.0
"Indonesia",2017,2,"May",7.0
"Indonesia",2017,2,NULL,62.0
"Indonesia",2017,3,"August",0
"Indonesia",2017,3,"July",10.0
"Indonesia",2017,3,"September",0
"Indonesia",2017,3,NULL,10.0
"Indonesia",2017,4,"December",4.0
"Indonesia",2017,4,"November",22.0
"Indonesia",2017,4,"October",46.0
"Indonesia",2017,4,NULL,72.0
"Indonesia",2017,NULL,NULL,206.0
"Indonesia",2018,1,"February",35.0
"Indonesia",2018,1,"January",1.0
"Indonesia",2018,1,"March",3.0
"Indonesia",2018,1,NULL,39.0
"Indonesia",2018,2,"April",21.0
"Indonesia",2018,2,"June",180.0
"Indonesia",2018,2,"May",0
"Indonesia",2018,2,NULL,201.0
"Indonesia",2018,3,"August",574.0
"Indonesia",2018,3,"July",48.0
"Indonesia",2018,3,"September",4174.0
"Indonesia",2018,3,NULL,4796.0
"Indonesia",2018,4,"December",475.0
"Indonesia",2018,4,"November",0
"Indonesia",2018,4,"October",224.0
"Indonesia",2018,4,NULL,699.0
"Indonesia",2018,NULL,NULL,5735.0
"Indonesia",2019,1,"February",13.0
"Indonesia",2019,1,"January",86.0
"Indonesia",2019,1,"March",229.0
"Indonesia",2019,1,NULL,328.0
"Indonesia",2019,2,"April",2.0
"Indonesia",2019,2,"June",67.0
"Indonesia",2019,2,"May",18.0
"Indonesia",2019,2,NULL,87.0
"Indonesia",2019,3,"August",28.0
"Indonesia",2019,3,"July",8.0
"Indonesia",2019,3,"September",31.0
"Indonesia",2019,3,NULL,67.0
"Indonesia",2019,4,"December",48.0
"Indonesia",2019,4,"November",0
"Indonesia",2019,4,"October",0
"Indonesia",2019,4,NULL,48.0
"Indonesia",2019,NULL,NULL,530.0
"Indonesia",2020,1,"February",16.0
"Indonesia",2020,1,"January",39.0
"Indonesia",2020,1,"March",2.0
"Indonesia",2020,1,NULL,57.0
"Indonesia",2020,2,"April",5.0
"Indonesia",2020,2,"June",11.0
"Indonesia",2020,2,"May",9.0
"Indonesia",2020,2,NULL,25.0
"Indonesia",2020,3,"August",0
"Indonesia",2020,3,"July",105.0
"Indonesia",2020,3,"September",11.0
"Indonesia",2020,3,NULL,116.0
"Indonesia",2020,4,"December",7.0
"Indonesia",2020,4,"November",0
"Indonesia",2020,4,"October",15.0
"Indonesia",2020,4,NULL,22.0
"Indonesia",2020,NULL,NULL,220.0
"Indonesia",NULL,NULL,NULL,23479.0
"Mexico",2005,1,"February",0
"Mexico",2005,1,"January",12.0
"Mexico",2005,1,"March",0
"Mexico",2005,1,NULL,12.0
"Mexico",2005,2,"April",20.0
"Mexico",2005,2,"June",2.0
"Mexico",2005,2,"May",8.0
"Mexico",2005,2,NULL,30.0
"Mexico",2005,3,"August",30.0
"Mexico",2005,3,"July",2.0
"Mexico",2005,3,"September",3.0
"Mexico",2005,3,NULL,35.0
"Mexico",2005,4,"December",0
"Mexico",2005,4,"November",0
"Mexico",2005,4,"October",43.0
"Mexico",2005,4,NULL,43.0
"Mexico",2005,NULL,NULL,120.0
"Mexico",2006,1,"February",65.0
"Mexico",2006,1,"January",0
"Mexico",2006,1,"March",0
"Mexico",2006,1,NULL,65.0
"Mexico",2006,2,"April",57.0
"Mexico",2006,2,"June",0
"Mexico",2006,2,"May",0
"Mexico",2006,2,NULL,57.0
"Mexico",2006,3,"August",11.0
"Mexico",2006,3,"July",0
"Mexico",2006,3,"September",21.0
"Mexico",2006,3,NULL,32.0
"Mexico",2006,4,"December",22.0
"Mexico",2006,4,"November",5.0
"Mexico",2006,4,"October",18.0
"Mexico",2006,4,NULL,45.0
"Mexico",2006,NULL,NULL,199.0
"Mexico",2007,1,"February",0
"Mexico",2007,1,"January",29.0
"Mexico",2007,1,"March",0
"Mexico",2007,1,NULL,29.0
"Mexico",2007,2,"April",0
"Mexico",2007,2,"June",0
"Mexico",2007,2,"May",0
"Mexico",2007,2,NULL,0
"Mexico",2007,3,"August",9.0
"Mexico",2007,3,"July",32.0
"Mexico",2007,3,"September",50.0
"Mexico",2007,3,NULL,91.0
"Mexico",2007,4,"December",0
"Mexico",2007,4,"November",38.0
"Mexico",2007,4,"October",52.0
"Mexico",2007,4,NULL,90.0
"Mexico",2007,NULL,NULL,210.0
"Mexico",2008,1,"February",0
"Mexico",2008,1,"January",0
"Mexico",2008,1,"March",0
"Mexico",2008,1,NULL,0
"Mexico",2008,2,"April",11.0
"Mexico",2008,2,"June",26.0
"Mexico",2008,2,"May",24.0
"Mexico",2008,2,NULL,61.0
"Mexico",2008,3,"August",0
"Mexico",2008,3,"July",25.0
"Mexico",2008,3,"September",22.0
"Mexico",2008,3,NULL,47.0
"Mexico",2008,4,"December",0
"Mexico",2008,4,"November",32.0
"Mexico",2008,4,"October",11.0
"Mexico",2008,4,NULL,43.0
"Mexico",2008,NULL,NULL,151.0
"Mexico",2009,1,"February",0
"Mexico",2009,1,"January",0
"Mexico",2009,1,"March",22.0
"Mexico",2009,1,NULL,22.0
"Mexico",2009,2,"April",18.0
"Mexico",2009,2,"June",49.0
"Mexico",2009,2,"May",0
"Mexico",2009,2,NULL,67.0
"Mexico",2009,3,"August",0
"Mexico",2009,3,"July",11.0
"Mexico",2009,3,"September",11.0
"Mexico",2009,3,NULL,22.0
"Mexico",2009,4,"December",0
"Mexico",2009,4,"November",0
"Mexico",2009,4,"October",10.0
"Mexico",2009,4,NULL,10.0
"Mexico",2009,NULL,NULL,121.0
"Mexico",2010,1,"February",41.0
"Mexico",2010,1,"January",0
"Mexico",2010,1,"March",0
"Mexico",2010,1,NULL,41.0
"Mexico",2010,2,"April",2.0
"Mexico",2010,2,"June",22.0
"Mexico",2010,2,"May",0
"Mexico",2010,2,NULL,24.0
"Mexico",2010,3,"August",6.0
"Mexico",2010,3,"July",22.0
"Mexico",2010,3,"September",124.0
"Mexico",2010,3,NULL,152.0
"Mexico",2010,4,"December",38.0
"Mexico",2010,4,"November",21.0
"Mexico",2010,4,"October",18.0
"Mexico",2010,4,NULL,77.0
"Mexico",2010,NULL,NULL,294.0
"Mexico",2011,1,"February",3.0
"Mexico",2011,1,"January",0
"Mexico",2011,1,"March",0
"Mexico",2011,1,NULL,3.0
"Mexico",2011,2,"April",0
"Mexico",2011,2,"June",3.0
"Mexico",2011,2,"May",28.0
"Mexico",2011,2,NULL,31.0
"Mexico",2011,3,"August",0
"Mexico",2011,3,"July",28.0
"Mexico",2011,3,"September",84.0
"Mexico",2011,3,NULL,112.0
"Mexico",2011,4,"December",2.0
"Mexico",2011,4,"November",5.0
"Mexico",2011,4,"October",0
"Mexico",2011,4,NULL,7.0
"Mexico",2011,NULL,NULL,153.0
"Mexico",2012,1,"February",0
"Mexico",2012,1,"January",0
"Mexico",2012,1,"March",2.0
"Mexico",2012,1,NULL,2.0
"Mexico",2012,2,"April",43.0
"Mexico",2012,2,"June",35.0
"Mexico",2012,2,"May",0
"Mexico",2012,2,NULL,78.0
"Mexico",2012,3,"August",12.0
"Mexico",2012,3,"July",0
"Mexico",2012,3,"September",32.0
"Mexico",2012,3,NULL,44.0
"Mexico",2012,4,"December",0
"Mexico",2012,4,"November",0
"Mexico",2012,4,"October",0
"Mexico",2012,4,NULL,0
"Mexico",2012,NULL,NULL,124.0
"Mexico",2013,1,"February",0
"Mexico",2013,1,"January",37.0
"Mexico",2013,1,"March",17.0
"Mexico",2013,1,NULL,54.0
"Mexico",2013,2,"April",0
"Mexico",2013,2,"June",0
"Mexico",2013,2,"May",29.0
"Mexico",2013,2,NULL,29.0
"Mexico",2013,3,"August",23.0
"Mexico",2013,3,"July",0
"Mexico",2013,3,"September",205.0
"Mexico",2013,3,NULL,228.0
"Mexico",2013,4,"December",0
"Mexico",2013,4,"November",0
"Mexico",2013,4,"October",26.0
"Mexico",2013,4,NULL,26.0
"Mexico",2013,NULL,NULL,337.0
"Mexico",2014,1,"February",0
"Mexico",2014,1,"January",0
"Mexico",2014,1,"March",0
"Mexico",2014,1,NULL,0
"Mexico",2014,2,"April",0
"Mexico",2014,2,"June",0
"Mexico",2014,2,"May",0
"Mexico",2014,2,NULL,0
"Mexico",2014,3,"August",0
"Mexico",2014,3,"July",3.0
"Mexico",2014,3,"September",13.0
"Mexico",2014,3,NULL,16.0
"Mexico",2014,4,"December",0
"Mexico",2014,4,"November",0
"Mexico",2014,4,"October",6.0
"Mexico",2014,4,NULL,6.0
"Mexico",2014,NULL,NULL,22.0
"Mexico",2015,1,"February",20.0
"Mexico",2015,1,"January",16.0
"Mexico",2015,1,"March",32.0
"Mexico",2015,1,NULL,68.0
"Mexico",2015,2,"April",0
"Mexico",2015,2,"June",0
"Mexico",2015,2,"May",14.0
"Mexico",2015,2,NULL,14.0
"Mexico",2015,3,"August",0
"Mexico",2015,3,"July",27.0
"Mexico",2015,3,"September",0
"Mexico",2015,3,NULL,27.0
"Mexico",2015,4,"December",15.0
"Mexico",2015,4,"November",23.0
"Mexico",2015,4,"October",14.0
"Mexico",2015,4,NULL,52.0
"Mexico",2015,NULL,NULL,161.0
"Mexico",2016,1,"February",14.0
"Mexico",2016,1,"January",21.0
"Mexico",2016,1,"March",0
"Mexico",2016,1,NULL,35.0
"Mexico",2016,2,"April",32.0
"Mexico",2016,2,"June",0
"Mexico",2016,2,"May",0
"Mexico",2016,2,NULL,32.0
"Mexico",2016,3,"August",54.0
"Mexico",2016,3,"July",0
"Mexico",2016,3,"September",27.0
"Mexico",2016,3,NULL,81.0
"Mexico",2016,4,"December",42.0
"Mexico",2016,4,"November",2.0
"Mexico",2016,4,"October",5.0
"Mexico",2016,4,NULL,49.0
"Mexico",2016,NULL,NULL,197.0
"Mexico",2017,1,"February",0
"Mexico",2017,1,"January",0
"Mexico",2017,1,"March",0
"Mexico",2017,1,NULL,0
"Mexico",2017,2,"April",24.0
"Mexico",2017,2,"June",6.0
"Mexico",2017,2,"May",31.0
"Mexico",2017,2,NULL,61.0
"Mexico",2017,3,"August",0
"Mexico",2017,3,"July",0
"Mexico",2017,3,"September",490.0
"Mexico",2017,3,NULL,490.0
"Mexico",2017,4,"December",23.0
"Mexico",2017,4,"November",0
"Mexico",2017,4,"October",2.0
"Mexico",2017,4,NULL,25.0
"Mexico",2017,NULL,NULL,576.0
"Mexico",2018,1,"February",14.0
"Mexico",2018,1,"January",0
"Mexico",2018,1,"March",0
"Mexico",2018,1,NULL,14.0
"Mexico",2018,2,"April",0
"Mexico",2018,2,"June",0
"Mexico",2018,2,"May",0
"Mexico",2018,2,NULL,0
"Mexico",2018,3,"August",0
"Mexico",2018,3,"July",25.0
"Mexico",2018,3,"September",20.0
"Mexico",2018,3,NULL,45.0
"Mexico",2018,4,"December",0
"Mexico",2018,4,"November",0
"Mexico",2018,4,"October",20.0
"Mexico",2018,4,NULL,20.0
"Mexico",2018,NULL,NULL,79.0
"Mexico",2019,1,"February",0
"Mexico",2019,1,"January",125.0
"Mexico",2019,1,"March",23.0
"Mexico",2019,1,NULL,148.0
"Mexico",2019,2,"April",0
"Mexico",2019,2,"June",9.0
"Mexico",2019,2,"May",34.0
"Mexico",2019,2,NULL,43.0
"Mexico",2019,3,"August",0
"Mexico",2019,3,"July",0
"Mexico",2019,3,"September",4.0
"Mexico",2019,3,NULL,4.0
"Mexico",2019,4,"December",17.0
"Mexico",2019,4,"November",0
"Mexico",2019,4,"October",0
"Mexico",2019,4,NULL,17.0
"Mexico",2019,NULL,NULL,212.0
"Mexico",2020,1,"February",0
"Mexico",2020,1,"January",0
"Mexico",2020,1,"March",0
"Mexico",2020,1,NULL,0
"Mexico",2020,2,"April",0
"Mexico",2020,2,"June",10.0
"Mexico",2020,2,"May",0
"Mexico",2020,2,NULL,10.0
"Mexico",2020,3,"August",3.0
"Mexico",2020,3,"July",5.0
"Mexico",2020,3,"September",0
"Mexico",2020,3,NULL,8.0
"Mexico",2020,4,"December",0
"Mexico",2020,4,"November",58.0
"Mexico",2020,4,"October",6.0
"Mexico",2020,4,NULL,64.0
"Mexico",2020,NULL,NULL,82.0
"Mexico",NULL,NULL,NULL,3038.0
"Philippines",2005,1,"February",0
"Philippines",2005,1,"January",0
"Philippines",2005,1,"March",47.0
"Philippines",2005,1,NULL,47.0
"Philippines",2005,2,"April",0
"Philippines",2005,2,"June",0
"Philippines",2005,2,"May",25.0
"Philippines",2005,2,NULL,25.0
"Philippines",2005,3,"August",0
"Philippines",2005,3,"July",0
"Philippines",2005,3,"September",16.0
"Philippines",2005,3,NULL,16.0
"Philippines",2005,4,"December",4.0
"Philippines",2005,4,"November",0
"Philippines",2005,4,"October",24.0
"Philippines",2005,4,NULL,28.0
"Philippines",2005,NULL,NULL,116.0
"Philippines",2006,1,"February",1215.0
"Philippines",2006,1,"January",0
"Philippines",2006,1,"March",1.0
"Philippines",2006,1,NULL,1216.0
"Philippines",2006,2,"April",0
"Philippines",2006,2,"June",0
"Philippines",2006,2,"May",41.0
"Philippines",2006,2,NULL,41.0
"Philippines",2006,3,"August",46.0
"Philippines",2006,3,"July",41.0
"Philippines",2006,3,"September",0
"Philippines",2006,3,NULL,87.0
"Philippines",2006,4,"December",1464.0
"Philippines",2006,4,"November",40.0
"Philippines",2006,4,"October",233.0
"Philippines",2006,4,NULL,1737.0
"Philippines",2006,NULL,NULL,3081.0
"Philippines",2007,1,"February",50.0
"Philippines",2007,1,"January",9.0
"Philippines",2007,1,"March",0
"Philippines",2007,1,NULL,59.0
"Philippines",2007,2,"April",0
"Philippines",2007,2,"June",0
"Philippines",2007,2,"May",0
"Philippines",2007,2,NULL,0
"Philippines",2007,3,"August",10.0
"Philippines",2007,3,"July",16.0
"Philippines",2007,3,"September",3.0
"Philippines",2007,3,NULL,29.0
"Philippines",2007,4,"December",29.0
"Philippines",2007,4,"November",59.0
"Philippines",2007,4,"October",8.0
"Philippines",2007,4,NULL,96.0
"Philippines",2007,NULL,NULL,184.0
"Philippines",2008,1,"February",0
"Philippines",2008,1,"January",0
"Philippines",2008,1,"March",63.0
"Philippines",2008,1,NULL,63.0
"Philippines",2008,2,"April",1.0
"Philippines",2008,2,"June",1467.0
"Philippines",2008,2,"May",66.0
"Philippines",2008,2,NULL,1534.0
"Philippines",2008,3,"August",40.0
"Philippines",2008,3,"July",12.0
"Philippines",2008,3,"September",68.0
"Philippines",2008,3,NULL,120.0
"Philippines",2008,4,"December",85.0
"Philippines",2008,4,"November",71.0
"Philippines",2008,4,"October",0
"Philippines",2008,4,NULL,156.0
"Philippines",2008,NULL,NULL,1873.0
"Philippines",2009,1,"February",0
"Philippines",2009,1,"January",33.0
"Philippines",2009,1,"March",0
"Philippines",2009,1,NULL,33.0
"Philippines",2009,2,"April",0
"Philippines",2009,2,"June",0
"Philippines",2009,2,"May",128.0
"Philippines",2009,2,NULL,128.0
"Philippines",2009,3,"August",62.0
"Philippines",2009,3,"July",21.0
"Philippines",2009,3,"September",530.0
"Philippines",2009,3,NULL,613.0
"Philippines",2009,4,"December",77.0
"Philippines",2009,4,"November",4.0
"Philippines",2009,4,"October",551.0
"Philippines",2009,4,NULL,632.0
"Philippines",2009,NULL,NULL,1406.0
"Philippines",2010,1,"February",0
"Philippines",2010,1,"January",5.0
"Philippines",2010,1,"March",12.0
"Philippines",2010,1,NULL,17.0
"Philippines",2010,2,"April",0
"Philippines",2010,2,"June",42.0
"Philippines",2010,2,"May",0
"Philippines",2010,2,NULL,42.0
"Philippines",2010,3,"August",71.0
"Philippines",2010,3,"July",146.0
"Philippines",2010,3,"September",6.0
"Philippines",2010,3,NULL,223.0
"Philippines",2010,4,"December",25.0
"Philippines",2010,4,"November",753.0
"Philippines",2010,4,"October",35.0
"Philippines",2010,4,NULL,813.0
"Philippines",2010,NULL,NULL,1095.0
"Philippines",2011,1,"February",35.0
"Philippines",2011,1,"January",12.0
"Philippines",2011,1,"March",18.0
"Philippines",2011,1,NULL,65.0
"Philippines",2011,2,"April",44.0
"Philippines",2011,2,"June",72.0
"Philippines",2011,2,"May",37.0
"Philippines",2011,2,NULL,153.0
"Philippines",2011,3,"August",87.0
"Philippines",2011,3,"July",89.0
"Philippines",2011,3,"September",103.0
"Philippines",2011,3,NULL,279.0
"Philippines",2011,4,"December",1501.0
"Philippines",2011,4,"November",5.0
"Philippines",2011,4,"October",39.0
"Philippines",2011,4,NULL,1545.0
"Philippines",2011,NULL,NULL,2042.0
"Philippines",2012,1,"February",113.0
"Philippines",2012,1,"January",79.0
"Philippines",2012,1,"March",11.0
"Philippines",2012,1,NULL,203.0
"Philippines",2012,2,"April",0
"Philippines",2012,2,"June",54.0
"Philippines",2012,2,"May",18.0
"Philippines",2012,2,NULL,72.0
"Philippines",2012,3,"August",186.0
"Philippines",2012,3,"July",30.0
"Philippines",2012,3,"September",5.0
"Philippines",2012,3,NULL,221.0
"Philippines",2012,4,"December",1925.0
"Philippines",2012,4,"November",0
"Philippines",2012,4,"October",36.0
"Philippines",2012,4,NULL,1961.0
"Philippines",2012,NULL,NULL,2457.0
"Philippines",2013,1,"February",6.0
"Philippines",2013,1,"January",11.0
"Philippines",2013,1,"March",0
"Philippines",2013,1,NULL,17.0
"Philippines",2013,2,"April",0
"Philippines",2013,2,"June",7.0
"Philippines",2013,2,"May",0
"Philippines",2013,2,NULL,7.0
"Philippines",2013,3,"August",197.0
"Philippines",2013,3,"July",0
"Philippines",2013,3,"September",38.0
"Philippines",2013,3,NULL,235.0
"Philippines",2013,4,"December",22.0
"Philippines",2013,4,"November",7354.0
"Philippines",2013,4,"October",274.0
"Philippines",2013,4,NULL,7650.0
"Philippines",2013,NULL,NULL,7909.0
"Philippines",2014,1,"February",6.0
"Philippines",2014,1,"January",81.0
"Philippines",2014,1,"March",0
"Philippines",2014,1,NULL,87.0
"Philippines",2014,2,"April",0
"Philippines",2014,2,"June",0
"Philippines",2014,2,"May",0
"Philippines",2014,2,NULL,0
"Philippines",2014,3,"August",0
"Philippines",2014,3,"July",113.0
"Philippines",2014,3,"September",101.0
"Philippines",2014,3,NULL,214.0
"Philippines",2014,4,"December",90.0
"Philippines",2014,4,"November",12.0
"Philippines",2014,4,"October",0
"Philippines",2014,4,NULL,102.0
"Philippines",2014,NULL,NULL,403.0
"Philippines",2015,1,"February",0
"Philippines",2015,1,"January",2.0
"Philippines",2015,1,"March",0
"Philippines",2015,1,NULL,2.0
"Philippines",2015,2,"April",0
"Philippines",2015,2,"June",0
"Philippines",2015,2,"May",74.0
"Philippines",2015,2,NULL,74.0
"Philippines",2015,3,"August",58.0
"Philippines",2015,3,"July",101.0
"Philippines",2015,3,"September",0
"Philippines",2015,3,NULL,159.0
"Philippines",2015,4,"December",46.0
"Philippines",2015,4,"November",0
"Philippines",2015,4,"October",53.0
"Philippines",2015,4,NULL,99.0
"Philippines",2015,NULL,NULL,334.0
"Philippines",2016,1,"February",0
"Philippines",2016,1,"January",0
"Philippines",2016,1,"March",8.0
"Philippines",2016,1,NULL,8.0
"Philippines",2016,2,"April",0
"Philippines",2016,2,"June",0
"Philippines",2016,2,"May",0
"Philippines",2016,2,NULL,0
"Philippines",2016,3,"August",45.0
"Philippines",2016,3,"July",2.0
"Philippines",2016,3,"September",0
"Philippines",2016,3,NULL,47.0
"Philippines",2016,4,"December",24.0
"Philippines",2016,4,"November",2.0
"Philippines",2016,4,"October",8.0
"Philippines",2016,4,NULL,34.0
"Philippines",2016,NULL,NULL,89.0
"Philippines",2017,1,"February",21.0
"Philippines",2017,1,"January",9.0
"Philippines",2017,1,"March",0
"Philippines",2017,1,NULL,30.0
"Philippines",2017,2,"April",35.0
"Philippines",2017,2,"June",0
"Philippines",2017,2,"May",0
"Philippines",2017,2,NULL,35.0
"Philippines",2017,3,"August",0
"Philippines",2017,3,"July",3.0
"Philippines",2017,3,"September",26.0
"Philippines",2017,3,NULL,29.0
"Philippines",2017,4,"December",222.0
"Philippines",2017,4,"November",6.0
"Philippines",2017,4,"October",9.0
"Philippines",2017,4,NULL,237.0
"Philippines",2017,NULL,NULL,331.0
"Philippines",2018,1,"February",0
"Philippines",2018,1,"January",14.0
"Philippines",2018,1,"March",10.0
"Philippines",2018,1,NULL,24.0
"Philippines",2018,2,"April",0
"Philippines",2018,2,"June",0
"Philippines",2018,2,"May",0
"Philippines",2018,2,NULL,0
"Philippines",2018,3,"August",0
"Philippines",2018,3,"July",16.0
"Philippines",2018,3,"September",89.0
"Philippines",2018,3,NULL,105.0
"Philippines",2018,4,"December",384.0
"Philippines",2018,4,"November",0
"Philippines",2018,4,"October",12.0
"Philippines",2018,4,NULL,396.0
"Philippines",2018,NULL,NULL,525.0
"Philippines",2019,1,"February",0
"Philippines",2019,1,"January",0
"Philippines",2019,1,"March",0
"Philippines",2019,1,NULL,0
"Philippines",2019,2,"April",358.0
"Philippines",2019,2,"June",505.0
"Philippines",2019,2,"May",0
"Philippines",2019,2,NULL,863.0
"Philippines",2019,3,"August",2.0
"Philippines",2019,3,"July",13.0
"Philippines",2019,3,"September",0
"Philippines",2019,3,NULL,15.0
"Philippines",2019,4,"December",81.0
"Philippines",2019,4,"November",38.0
"Philippines",2019,4,"October",40.0
"Philippines",2019,4,NULL,159.0
"Philippines",2019,NULL,NULL,1037.0
"Philippines",2020,1,"February",0
"Philippines",2020,1,"January",1.0
"Philippines",2020,1,"March",0
"Philippines",2020,1,NULL,1.0
"Philippines",2020,2,"April",0
"Philippines",2020,2,"June",14.0
"Philippines",2020,2,"May",5.0
"Philippines",2020,2,NULL,19.0
"Philippines",2020,3,"August",1.0
"Philippines",2020,3,"July",0
"Philippines",2020,3,"September",0
"Philippines",2020,3,NULL,1.0
"Philippines",2020,4,"December",19.0
"Philippines",2020,4,"November",142.0
"Philippines",2020,4,"October",34.0
"Philippines",2020,4,NULL,195.0
"Philippines",2020,NULL,NULL,216.0
"Philippines",NULL,NULL,NULL,23098.0
"Togo",2005,1,"February",0
"Togo",2005,1,"January",0
"Togo",2005,1,"March",0
"Togo",2005,1,NULL,0
"Togo",2005,2,"April",0
"Togo",2005,2,"June",0
"Togo",2005,2,"May",0
"Togo",2005,2,NULL,0
"Togo",2005,3,"August",0
"Togo",2005,3,"July",0
"Togo",2005,3,"September",0
"Togo",2005,3,NULL,0
"Togo",2005,4,"December",0
"Togo",2005,4,"November",0
"Togo",2005,4,"October",0
"Togo",2005,4,NULL,0
"Togo",2005,NULL,NULL,0
"Togo",2006,1,"February",0
"Togo",2006,1,"January",0
"Togo",2006,1,"March",0
"Togo",2006,1,NULL,0
"Togo",2006,2,"April",0
"Togo",2006,2,"June",0
"Togo",2006,2,"May",0
"Togo",2006,2,NULL,0
"Togo",2006,3,"August",0
"Togo",2006,3,"July",0
"Togo",2006,3,"September",0
"Togo",2006,3,NULL,0
"Togo",2006,4,"December",0
"Togo",2006,4,"November",0
"Togo",2006,4,"October",0
"Togo",2006,4,NULL,0
"Togo",2006,NULL,NULL,0
"Togo",2007,1,"February",0
"Togo",2007,1,"January",0
"Togo",2007,1,"March",0
"Togo",2007,1,NULL,0
"Togo",2007,2,"April",0
"Togo",2007,2,"June",0
"Togo",2007,2,"May",0
"Togo",2007,2,NULL,0
"Togo",2007,3,"August",0
"Togo",2007,3,"July",0
"Togo",2007,3,"September",41.0
"Togo",2007,3,NULL,41.0
"Togo",2007,4,"December",16.0
"Togo",2007,4,"November",14.0
"Togo",2007,4,"October",0
"Togo",2007,4,NULL,30.0
"Togo",2007,NULL,NULL,71.0
"Togo",2008,1,"February",0
"Togo",2008,1,"January",0
"Togo",2008,1,"March",0
"Togo",2008,1,NULL,0
"Togo",2008,2,"April",0
"Togo",2008,2,"June",0
"Togo",2008,2,"May",0
"Togo",2008,2,NULL,0
"Togo",2008,3,"August",6.0
"Togo",2008,3,"July",0
"Togo",2008,3,"September",0
"Togo",2008,3,NULL,6.0
"Togo",2008,4,"December",0
"Togo",2008,4,"November",0
"Togo",2008,4,"October",0
"Togo",2008,4,NULL,0
"Togo",2008,NULL,NULL,6.0
"Togo",2009,1,"February",0
"Togo",2009,1,"January",0
"Togo",2009,1,"March",19.0
"Togo",2009,1,NULL,19.0
"Togo",2009,2,"April",0
"Togo",2009,2,"June",0
"Togo",2009,2,"May",0
"Togo",2009,2,NULL,0
"Togo",2009,3,"August",0
"Togo",2009,3,"July",0
"Togo",2009,3,"September",0
"Togo",2009,3,NULL,0
"Togo",2009,4,"December",0
"Togo",2009,4,"November",0
"Togo",2009,4,"October",0
"Togo",2009,4,NULL,0
"Togo",2009,NULL,NULL,19.0
"Togo",2010,1,"February",0
"Togo",2010,1,"January",0
"Togo",2010,1,"March",60.0
"Togo",2010,1,NULL,60.0
"Togo",2010,2,"April",0
"Togo",2010,2,"June",0
"Togo",2010,2,"May",0
"Togo",2010,2,NULL,0
"Togo",2010,3,"August",0
"Togo",2010,3,"July",14.0
"Togo",2010,3,"September",0
"Togo",2010,3,NULL,14.0
"Togo",2010,4,"December",0
"Togo",2010,4,"November",0
"Togo",2010,4,"October",22.0
"Togo",2010,4,NULL,22.0
"Togo",2010,NULL,NULL,96.0
"Togo",2011,1,"February",0
"Togo",2011,1,"January",0
"Togo",2011,1,"March",0
"Togo",2011,1,NULL,0
"Togo",2011,2,"April",0
"Togo",2011,2,"June",0
"Togo",2011,2,"May",36.0
"Togo",2011,2,NULL,36.0
"Togo",2011,3,"August",0
"Togo",2011,3,"July",0
"Togo",2011,3,"September",0
"Togo",2011,3,NULL,0
"Togo",2011,4,"December",0
"Togo",2011,4,"November",0
"Togo",2011,4,"October",0
"Togo",2011,4,NULL,0
"Togo",2011,NULL,NULL,36.0
"Togo",2012,1,"February",0
"Togo",2012,1,"January",0
"Togo",2012,1,"March",0
"Togo",2012,1,NULL,0
"Togo",2012,2,"April",0
"Togo",2012,2,"June",0
"Togo",2012,2,"May",0
"Togo",2012,2,NULL,0
"Togo",2012,3,"August",0
"Togo",2012,3,"July",0
"Togo",2012,3,"September",0
"Togo",2012,3,NULL,0
"Togo",2012,4,"December",0
"Togo",2012,4,"November",0
"Togo",2012,4,"October",0
"Togo",2012,4,NULL,0
"Togo",2012,NULL,NULL,0
"Togo",2013,1,"February",0
"Togo",2013,1,"January",0
"Togo",2013,1,"March",0
"Togo",2013,1,NULL,0
"Togo",2013,2,"April",0
"Togo",2013,2,"June",0
"Togo",2013,2,"May",0
"Togo",2013,2,NULL,0
"Togo",2013,3,"August",0
"Togo",2013,3,"July",0
"Togo",2013,3,"September",0
"Togo",2013,3,NULL,0
"Togo",2013,4,"December",0
"Togo",2013,4,"November",0
"Togo",2013,4,"October",7.0
"Togo",2013,4,NULL,7.0
"Togo",2013,NULL,NULL,7.0
"Togo",2014,1,"February",18.0
"Togo",2014,1,"January",0
"Togo",2014,1,"March",0
"Togo",2014,1,NULL,18.0
"Togo",2014,2,"April",47.0
"Togo",2014,2,"June",0
"Togo",2014,2,"May",0
"Togo",2014,2,NULL,47.0
"Togo",2014,3,"August",11.0
"Togo",2014,3,"July",0
"Togo",2014,3,"September",0
"Togo",2014,3,NULL,11.0
"Togo",2014,4,"December",0
"Togo",2014,4,"November",0
"Togo",2014,4,"October",0
"Togo",2014,4,NULL,0
"Togo",2014,NULL,NULL,76.0
"Togo",2015,1,"February",0
"Togo",2015,1,"January",0
"Togo",2015,1,"March",0
"Togo",2015,1,NULL,0
"Togo",2015,2,"April",0
"Togo",2015,2,"June",0
"Togo",2015,2,"May",0
"Togo",2015,2,NULL,0
"Togo",2015,3,"August",0
"Togo",2015,3,"July",0
"Togo",2015,3,"September",0
"Togo",2015,3,NULL,0
"Togo",2015,4,"December",0
"Togo",2015,4,"November",0
"Togo",2015,4,"October",0
"Togo",2015,4,NULL,0
"Togo",2015,NULL,NULL,0
"Togo",2016,1,"February",0
"Togo",2016,1,"January",0
"Togo",2016,1,"March",0
"Togo",2016,1,NULL,0
"Togo",2016,2,"April",0
"Togo",2016,2,"June",0
"Togo",2016,2,"May",0
"Togo",2016,2,NULL,0
"Togo",2016,3,"August",0
"Togo",2016,3,"July",0
"Togo",2016,3,"September",0
"Togo",2016,3,NULL,0
"Togo",2016,4,"December",0
"Togo",2016,4,"November",0
"Togo",2016,4,"October",0
"Togo",2016,4,NULL,0
"Togo",2016,NULL,NULL,0
"Togo",2017,1,"February",0
"Togo",2017,1,"January",0
"Togo",2017,1,"March",0
"Togo",2017,1,NULL,0
"Togo",2017,2,"April",0
"Togo",2017,2,"June",0
"Togo",2017,2,"May",0
"Togo",2017,2,NULL,0
"Togo",2017,3,"August",0
"Togo",2017,3,"July",0
"Togo",2017,3,"September",0
"Togo",2017,3,NULL,0
"Togo",2017,4,"December",0
"Togo",2017,4,"November",0
"Togo",2017,4,"October",0
"Togo",2017,4,NULL,0
"Togo",2017,NULL,NULL,0
"Togo",2018,1,"February",0
"Togo",2018,1,"January",0
"Togo",2018,1,"March",0
"Togo",2018,1,NULL,0
"Togo",2018,2,"April",0
"Togo",2018,2,"June",0
"Togo",2018,2,"May",0
"Togo",2018,2,NULL,0
"Togo",2018,3,"August",0
"Togo",2018,3,"July",11.0
"Togo",2018,3,"September",0
"Togo",2018,3,NULL,11.0
"Togo",2018,4,"December",0
"Togo",2018,4,"November",0
"Togo",2018,4,"October",0
"Togo",2018,4,NULL,0
"Togo",2018,NULL,NULL,11.0
"Togo",2019,1,"February",0
"Togo",2019,1,"January",0
"Togo",2019,1,"March",0
"Togo",2019,1,NULL,0
"Togo",2019,2,"April",0
"Togo",2019,2,"June",0
"Togo",2019,2,"May",0
"Togo",2019,2,NULL,0
"Togo",2019,3,"August",0
"Togo",2019,3,"July",0
"Togo",2019,3,"September",0
"Togo",2019,3,NULL,0
"Togo",2019,4,"December",0
"Togo",2019,4,"November",0
"Togo",2019,4,"October",0
"Togo",2019,4,NULL,0
"Togo",2019,NULL,NULL,0
"Togo",2020,1,"February",0
"Togo",2020,1,"January",0
"Togo",2020,1,"March",0
"Togo",2020,1,NULL,0
"Togo",2020,2,"April",0
"Togo",2020,2,"June",0
"Togo",2020,2,"May",0
"Togo",2020,2,NULL,0
"Togo",2020,3,"August",0
"Togo",2020,3,"July",0
"Togo",2020,3,"September",0
"Togo",2020,3,NULL,0
"Togo",2020,4,"December",0
"Togo",2020,4,"November",0
"Togo",2020,4,"October",11.0
"Togo",2020,4,NULL,11.0
"Togo",2020,NULL,NULL,11.0
"Togo",NULL,NULL,NULL,333.0
"United States",2005,1,"February",9.0
"United States",2005,1,"January",68.0
"United States",2005,1,"March",15.0
"United States",2005,1,NULL,92.0
"United States",2005,2,"April",2.0
"United States",2005,2,"June",0
"United States",2005,2,"May",0
"United States",2005,2,NULL,2.0
"United States",2005,3,"August",0
"United States",2005,3,"July",38.0
"United States",2005,3,"September",1857.0
"United States",2005,3,NULL,1895.0
"United States",2005,4,"December",29.0
"United States",2005,4,"November",0
"United States",2005,4,"October",46.0
"United States",2005,4,NULL,75.0
"United States",2005,NULL,NULL,2064.0
"United States",2006,1,"February",0
"United States",2006,1,"January",13.0
"United States",2006,1,"March",17.0
"United States",2006,1,NULL,30.0
"United States",2006,2,"April",41.0
"United States",2006,2,"June",2.0
"United States",2006,2,"May",3.0
"United States",2006,2,NULL,46.0
"United States",2006,3,"August",237.0
"United States",2006,3,"July",13.0
"United States",2006,3,"September",20.0
"United States",2006,3,NULL,270.0
"United States",2006,4,"December",21.0
"United States",2006,4,"November",24.0
"United States",2006,4,"October",7.0
"United States",2006,4,NULL,52.0
"United States",2006,NULL,NULL,398.0
"United States",2007,1,"February",40.0
"United States",2007,1,"January",89.0
"United States",2007,1,"March",30.0
"United States",2007,1,NULL,159.0
"United States",2007,2,"April",33.0
"United States",2007,2,"June",14.0
"United States",2007,2,"May",25.0
"United States",2007,2,NULL,72.0
"United States",2007,3,"August",62.0
"United States",2007,3,"July",8.0
"United States",2007,3,"September",0
"United States",2007,3,NULL,70.0
"United States",2007,4,"December",63.0
"United States",2007,4,"November",0
"United States",2007,4,"October",18.0
"United States",2007,4,NULL,81.0
"United States",2007,NULL,NULL,382.0
"United States",2008,1,"February",72.0
"United States",2008,1,"January",18.0
"United States",2008,1,"March",2.0
"United States",2008,1,NULL,92.0
"United States",2008,2,"April",31.0
"United States",2008,2,"June",24.0
"United States",2008,2,"May",29.0
"United States",2008,2,NULL,84.0
"United States",2008,3,"August",41.0
"United States",2008,3,"July",1.0
"United States",2008,3,"September",150.0
"United States",2008,3,NULL,192.0
"United States",2008,4,"December",5.0
"United States",2008,4,"November",0
"United States",2008,4,"October",10.0
"United States",2008,4,NULL,15.0
"United States",2008,NULL,NULL,383.0
"United States",2009,1,"February",66.0
"United States",2009,1,"January",58.0
"United States",2009,1,"March",20.0
"United States",2009,1,NULL,144.0
"United States",2009,2,"April",17.0
"United States",2009,2,"June",1.0
"United States",2009,2,"May",19.0
"United States",2009,2,NULL,37.0
"United States",2009,3,"August",3.0
"United States",2009,3,"July",1.0
"United States",2009,3,"September",9.0
"United States",2009,3,NULL,13.0
"United States",2009,4,"December",19.0
"United States",2009,4,"November",6.0
"United States",2009,4,"October",2.0
"United States",2009,4,NULL,27.0
"United States",2009,NULL,NULL,221.0
"United States",2010,1,"February",3.0
"United States",2010,1,"January",0
"United States",2010,1,"March",11.0
"United States",2010,1,NULL,14.0
"United States",2010,2,"April",50.0
"United States",2010,2,"June",53.0
"United States",2010,2,"May",55.0
"United States",2010,2,NULL,158.0
"United States",2010,3,"August",0
"United States",2010,3,"July",0
"United States",2010,3,"September",17.0
"United States",2010,3,NULL,17.0
"United States",2010,4,"December",0
"United States",2010,4,"November",0
"United States",2010,4,"October",0
"United States",2010,4,NULL,0
"United States",2010,NULL,NULL,189.0
"United States",2011,1,"February",39.0
"United States",2011,1,"January",21.0
"United States",2011,1,"March",14.0
"United States",2011,1,NULL,74.0
"United States",2011,2,"April",411.0
"United States",2011,2,"June",10.0
"United States",2011,2,"May",197.0
"United States",2011,2,NULL,618.0
"United States",2011,3,"August",9.0
"United States",2011,3,"July",22.0
"United States",2011,3,"September",75.0
"United States",2011,3,NULL,106.0
"United States",2011,4,"December",6.0
"United States",2011,4,"November",0
"United States",2011,4,"October",29.0
"United States",2011,4,NULL,35.0
"United States",2011,NULL,NULL,833.0
"United States",2012,1,"February",14.0
"United States",2012,1,"January",5.0
"United States",2012,1,"March",41.0
"United States",2012,1,NULL,60.0
"United States",2012,2,"April",7.0
"United States",2012,2,"June",12.0
"United States",2012,2,"May",0
"United States",2012,2,NULL,19.0
"United States",2012,3,"August",2.0
"United States",2012,3,"July",154.0
"United States",2012,3,"September",5.0
"United States",2012,3,NULL,161.0
"United States",2012,4,"December",24.0
"United States",2012,4,"November",0
"United States",2012,4,"October",54.0
"United States",2012,4,NULL,78.0
"United States",2012,NULL,NULL,318.0
"United States",2013,1,"February",17.0
"United States",2013,1,"January",3.0
"United States",2013,1,"March",2.0
"United States",2013,1,NULL,22.0
"United States",2013,2,"April",12.0
"United States",2013,2,"June",33.0
"United States",2013,2,"May",53.0
"United States",2013,2,NULL,98.0
"United States",2013,3,"August",3.0
"United States",2013,3,"July",24.0
"United States",2013,3,"September",10.0
"United States",2013,3,NULL,37.0
"United States",2013,4,"December",44.0
"United States",2013,4,"November",29.0
"United States",2013,4,"October",0
"United States",2013,4,NULL,73.0
"United States",2013,NULL,NULL,230.0
"United States",2014,1,"February",34.0
"United States",2014,1,"January",50.0
"United States",2014,1,"March",55.0
"United States",2014,1,NULL,139.0
"United States",2014,2,"April",12.0
"United States",2014,2,"June",2.0
"United States",2014,2,"May",42.0
"United States",2014,2,NULL,56.0
"United States",2014,3,"August",4.0
"United States",2014,3,"July",0
"United States",2014,3,"September",0
"United States",2014,3,NULL,4.0
"United States",2014,4,"December",3.0
"United States",2014,4,"November",13.0
"United States",2014,4,"October",2.0
"United States",2014,4,NULL,18.0
"United States",2014,NULL,NULL,217.0
"United States",2015,1,"February",62.0
"United States",2015,1,"January",17.0
"United States",2015,1,"March",25.0
"United States",2015,1,NULL,104.0
"United States",2015,2,"April",7.0
"United States",2015,2,"June",0
"United States",2015,2,"May",67.0
"United States",2015,2,NULL,74.0
"United States",2015,3,"August",9.0
"United States",2015,3,"July",4.0
"United States",2015,3,"September",26.0
"United States",2015,3,NULL,39.0
"United States",2015,4,"December",68.0
"United States",2015,4,"November",6.0
"United States",2015,4,"October",25.0
"United States",2015,4,NULL,99.0
"United States",2015,NULL,NULL,316.0
"United States",2016,1,"February",10.0
"United States",2016,1,"January",62.0
"United States",2016,1,"March",13.0
"United States",2016,1,NULL,85.0
"United States",2016,2,"April",21.0
"United States",2016,2,"June",40.0
"United States",2016,2,"May",17.0
"United States",2016,2,NULL,78.0
"United States",2016,3,"August",15.0
"United States",2016,3,"July",16.0
"United States",2016,3,"September",5.0
"United States",2016,3,NULL,36.0
"United States",2016,4,"December",80.0
"United States",2016,4,"November",0
"United States",2016,4,"October",62.0
"United States",2016,4,NULL,142.0
"United States",2016,NULL,NULL,341.0
"United States",2017,1,"February",5.0
"United States",2017,1,"January",27.0
"United States",2017,1,"March",18.0
"United States",2017,1,NULL,50.0
"United States",2017,2,"April",0
"United States",2017,2,"June",0
"United States",2017,2,"May",20.0
"United States",2017,2,NULL,20.0
"United States",2017,3,"August",88.0
"United States",2017,3,"July",26.0
"United States",2017,3,"September",101.0
"United States",2017,3,NULL,215.0
"United States",2017,4,"December",58.0
"United States",2017,4,"November",1.0
"United States",2017,4,"October",0
"United States",2017,4,NULL,59.0
"United States",2017,NULL,NULL,344.0
"United States",2018,1,"February",0
"United States",2018,1,"January",53.0
"United States",2018,1,"March",9.0
"United States",2018,1,NULL,62.0
"United States",2018,2,"April",3.0
"United States",2018,2,"June",0
"United States",2018,2,"May",10.0
"United States",2018,2,NULL,13.0
"United States",2018,3,"August",14.0
"United States",2018,3,"July",17.0
"United States",2018,3,"September",55.0
"United States",2018,3,NULL,86.0
"United States",2018,4,"December",90.0
"United States",2018,4,"November",2.0
"United States",2018,4,"October",74.0
"United States",2018,4,NULL,166.0
"United States",2018,NULL,NULL,327.0
"United States",2019,1,"February",2.0
"United States",2019,1,"January",45.0
"United States",2019,1,"March",35.0
"United States",2019,1,NULL,82.0
"United States",2019,2,"April",13.0
"United States",2019,2,"June",24.0
"United States",2019,2,"May",3.0
"United States",2019,2,NULL,40.0
"United States",2019,3,"August",0
"United States",2019,3,"July",1.0
"United States",2019,3,"September",82.0
"United States",2019,3,NULL,83.0
"United States",2019,4,"December",28.0
"United States",2019,4,"November",0
"United States",2019,4,"October",7.0
"United States",2019,4,NULL,35.0
"United States",2019,NULL,NULL,240.0
"United States",2020,1,"February",0
"United States",2020,1,"January",10.0
"United States",2020,1,"March",25.0
"United States",2020,1,NULL,35.0
"United States",2020,2,"April",41.0
"United States",2020,2,"June",1.0
"United States",2020,2,"May",5.0
"United States",2020,2,NULL,47.0
"United States",2020,3,"August",53.0
"United States",2020,3,"July",0
"United States",2020,3,"September",8.0
"United States",2020,3,NULL,61.0
"United States",2020,4,"December",45.0
"United States",2020,4,"November",23.0
"United States",2020,4,"October",42.0
"United States",2020,4,NULL,110.0
"United States",2020,NULL,NULL,253.0
"United States",NULL,NULL,NULL,7056.0
