"name","year","quarter","month"
"Bangladesh",2005,1,"February"
"Bangladesh",2005,1,"January"
"Bangladesh",2005,1,"March"
"Bangladesh",2005,1,NULL
"Bangladesh",2005,2,"April"
"Bangladesh",2005,2,"June"
"Bangladesh",2005,2,"May"
"Bangladesh",2005,2,NULL
"Bangladesh",2005,3,"August"
"Bangladesh",2005,3,"July"
"Bangladesh",2005,3,"September"
"Bangladesh",2005,3,NULL
"Bangladesh",2005,4,"December"
"Bangladesh",2005,4,"November"
"Bangladesh",2005,4,"October"
"Bangladesh",2005,4,NULL
"Bangladesh",2005,NULL,NULL
"Bangladesh",2006,1,"February"
"Bangladesh",2006,1,"January"
"Bangladesh",2006,1,"March"
"Bangladesh",2006,1,NULL
"Bangladesh",2006,2,"April"
"Bangladesh",2006,2,"June"
"Bangladesh",2006,2,"May"
"Bangladesh",2006,2,NULL
"Bangladesh",2006,3,"August"
"Bangladesh",2006,3,"July"
"Bangladesh",2006,3,"September"
"Bangladesh",2006,3,NULL
"Bangladesh",2006,4,"December"
"Bangladesh",2006,4,"November"
"Bangladesh",2006,4,"October"
"Bangladesh",2006,4,NULL
"Bangladesh",2006,NULL,NULL
"Bangladesh",2007,1,"February"
"Bangladesh",2007,1,"January"
"Bangladesh",2007,1,"March"
"Bangladesh",2007,1,NULL
"Bangladesh",2007,2,"April"
"Bangladesh",2007,2,"June"
"Bangladesh",2007,2,"May"
"Bangladesh",2007,2,NULL
"Bangladesh",2007,3,"August"
"Bangladesh",2007,3,"July"
"Bangladesh",2007,3,"September"
"Bangladesh",2007,3,NULL
"Bangladesh",2007,4,"December"
"Bangladesh",2007,4,"November"
"Bangladesh",2007,4,"October"
"Bangladesh",2007,4,NULL
"Bangladesh",2007,NULL,NULL
"Bangladesh",2008,1,"February"
"Bangladesh",2008,1,"January"
"Bangladesh",2008,1,"March"
"Bangladesh",2008,1,NULL
"Bangladesh",2008,2,"April"
"Bangladesh",2008,2,"June"
"Bangladesh",2008,2,"May"
"Bangladesh",2008,2,NULL
"Bangladesh",2008,3,"August"
"Bangladesh",2008,3,"July"
"Bangladesh",2008,3,"September"
"Bangladesh",2008,3,NULL
"Bangladesh",2008,4,"December"
"Bangladesh",2008,4,"November"
"Bangladesh",2008,4,"October"
"Bangladesh",2008,4,NULL
"Bangladesh",2008,NULL,NULL
"Bangladesh",2009,1,"February"
"Bangladesh",2009,1,"January"
"Bangladesh",2009,1,"March"
"Bangladesh",2009,1,NULL
"Bangladesh",2009,2,"April"
"Bangladesh",2009,2,"June"
"Bangladesh",2009,2,"May"
"Bangladesh",2009,2,NULL
"Bangladesh",2009,3,"August"
"Bangladesh",2009,3,"July"
"Bangladesh",2009,3,"September"
"Bangladesh",2009,3,NULL
"Bangladesh",2009,4,"December"
"Bangladesh",2009,4,"November"
"Bangladesh",2009,4,"October"
"Bangladesh",2009,4,NULL
"Bangladesh",2009,NULL,NULL
"Bangladesh",2010,1,"February"
"Bangladesh",2010,1,"January"
"Bangladesh",2010,1,"March"
"Bangladesh",2010,1,NULL
"Bangladesh",2010,2,"April"
"Bangladesh",2010,2,"June"
"Bangladesh",2010,2,"May"
"Bangladesh",2010,2,NULL
"Bangladesh",2010,3,"August"
"Bangladesh",2010,3,"July"
"Bangladesh",2010,3,"September"
"Bangladesh",2010,3,NULL
"Bangladesh",2010,4,"December"
"Bangladesh",2010,4,"November"
"Bangladesh",2010,4,"October"
"Bangladesh",2010,4,NULL
"Bangladesh",2010,NULL,NULL
"Bangladesh",2011,1,"February"
"Bangladesh",2011,1,"January"
"Bangladesh",2011,1,"March"
"Bangladesh",2011,1,NULL
"Bangladesh",2011,2,"April"
"Bangladesh",2011,2,"June"
"Bangladesh",2011,2,"May"
"Bangladesh",2011,2,NULL
"Bangladesh",2011,3,"August"
"Bangladesh",2011,3,"July"
"Bangladesh",2011,3,"September"
"Bangladesh",2011,3,NULL
"Bangladesh",2011,4,"December"
"Bangladesh",2011,4,"November"
"Bangladesh",2011,4,"October"
"Bangladesh",2011,4,NULL
"Bangladesh",2011,NULL,NULL
"Bangladesh",2012,1,"February"
"Bangladesh",2012,1,"January"
"Bangladesh",2012,1,"March"
"Bangladesh",2012,1,NULL
"Bangladesh",2012,2,"April"
"Bangladesh",2012,2,"June"
"Bangladesh",2012,2,"May"
"Bangladesh",2012,2,NULL
"Bangladesh",2012,3,"August"
"Bangladesh",2012,3,"July"
"Bangladesh",2012,3,"September"
"Bangladesh",2012,3,NULL
"Bangladesh",2012,4,"December"
"Bangladesh",2012,4,"November"
"Bangladesh",2012,4,"October"
"Bangladesh",2012,4,NULL
"Bangladesh",2012,NULL,NULL
"Bangladesh",2013,1,"February"
"Bangladesh",2013,1,"January"
"Bangladesh",2013,1,"March"
"Bangladesh",2013,1,NULL
"Bangladesh",2013,2,"April"
"Bangladesh",2013,2,"June"
"Bangladesh",2013,2,"May"
"Bangladesh",2013,2,NULL
"Bangladesh",2013,3,"August"
"Bangladesh",2013,3,"July"
"Bangladesh",2013,3,"September"
"Bangladesh",2013,3,NULL
"Bangladesh",2013,4,"December"
"Bangladesh",2013,4,"November"
"Bangladesh",2013,4,"October"
"Bangladesh",2013,4,NULL
"Bangladesh",2013,NULL,NULL
"Bangladesh",2014,1,"February"
"Bangladesh",2014,1,"January"
"Bangladesh",2014,1,"March"
"Bangladesh",2014,1,NULL
"Bangladesh",2014,2,"April"
"Bangladesh",2014,2,"June"
"Bangladesh",2014,2,"May"
"Bangladesh",2014,2,NULL
"Bangladesh",2014,3,"August"
"Bangladesh",2014,3,"July"
"Bangladesh",2014,3,"September"
"Bangladesh",2014,3,NULL
"Bangladesh",2014,4,"December"
"Bangladesh",2014,4,"November"
"Bangladesh",2014,4,"October"
"Bangladesh",2014,4,NULL
"Bangladesh",2014,NULL,NULL
"Bangladesh",2015,1,"February"
"Bangladesh",2015,1,"January"
"Bangladesh",2015,1,"March"
"Bangladesh",2015,1,NULL
"Bangladesh",2015,2,"April"
"Bangladesh",2015,2,"June"
"Bangladesh",2015,2,"May"
"Bangladesh",2015,2,NULL
"Bangladesh",2015,3,"August"
"Bangladesh",2015,3,"July"
"Bangladesh",2015,3,"September"
"Bangladesh",2015,3,NULL
"Bangladesh",2015,4,"December"
"Bangladesh",2015,4,"November"
"Bangladesh",2015,4,"October"
"Bangladesh",2015,4,NULL
"Bangladesh",2015,NULL,NULL
"Bangladesh",2016,1,"February"
"Bangladesh",2016,1,"January"
"Bangladesh",2016,1,"March"
"Bangladesh",2016,1,NULL
"Bangladesh",2016,2,"April"
"Bangladesh",2016,2,"June"
"Bangladesh",2016,2,"May"
"Bangladesh",2016,2,NULL
"Bangladesh",2016,3,"August"
"Bangladesh",2016,3,"July"
"Bangladesh",2016,3,"September"
"Bangladesh",2016,3,NULL
"Bangladesh",2016,4,"December"
"Bangladesh",2016,4,"November"
"Bangladesh",2016,4,"October"
"Bangladesh",2016,4,NULL
"Bangladesh",2016,NULL,NULL
"Bangladesh",2017,1,"February"
"Bangladesh",2017,1,"January"
"Bangladesh",2017,1,"March"
"Bangladesh",2017,1,NULL
"Bangladesh",2017,2,"April"
"Bangladesh",2017,2,"June"
"Bangladesh",2017,2,"May"
"Bangladesh",2017,2,NULL
"Bangladesh",2017,3,"August"
"Bangladesh",2017,3,"July"
"Bangladesh",2017,3,"September"
"Bangladesh",2017,3,NULL
"Bangladesh",2017,4,"December"
"Bangladesh",2017,4,"November"
"Bangladesh",2017,4,"October"
"Bangladesh",2017,4,NULL
"Bangladesh",2017,NULL,NULL
"Bangladesh",2018,1,"February"
"Bangladesh",2018,1,"January"
"Bangladesh",2018,1,"March"
"Bangladesh",2018,1,NULL
"Bangladesh",2018,2,"April"
"Bangladesh",2018,2,"June"
"Bangladesh",2018,2,"May"
"Bangladesh",2018,2,NULL
"Bangladesh",2018,3,"August"
"Bangladesh",2018,3,"July"
"Bangladesh",2018,3,"September"
"Bangladesh",2018,3,NULL
"Bangladesh",2018,4,"December"
"Bangladesh",2018,4,"November"
"Bangladesh",2018,4,"October"
"Bangladesh",2018,4,NULL
"Bangladesh",2018,NULL,NULL
"Bangladesh",2019,1,"February"
"Bangladesh",2019,1,"January"
"Bangladesh",2019,1,"March"
"Bangladesh",2019,1,NULL
"Bangladesh",2019,2,"April"
"Bangladesh",2019,2,"June"
"Bangladesh",2019,2,"May"
"Bangladesh",2019,2,NULL
"Bangladesh",2019,3,"August"
"Bangladesh",2019,3,"July"
"Bangladesh",2019,3,"September"
"Bangladesh",2019,3,NULL
"Bangladesh",2019,4,"December"
"Bangladesh",2019,4,"November"
"Bangladesh",2019,4,"October"
"Bangladesh",2019,4,NULL
"Bangladesh",2019,NULL,NULL
"Bangladesh",2020,1,"February"
"Bangladesh",2020,1,"January"
"Bangladesh",2020,1,"March"
"Bangladesh",2020,1,NULL
"Bangladesh",2020,2,"April"
"Bangladesh",2020,2,"June"
"Bangladesh",2020,2,"May"
"Bangladesh",2020,2,NULL
"Bangladesh",2020,3,"August"
"Bangladesh",2020,3,"July"
"Bangladesh",2020,3,"September"
"Bangladesh",2020,3,NULL
"Bangladesh",2020,4,"December"
"Bangladesh",2020,4,"November"
"Bangladesh",2020,4,"October"
"Bangladesh",2020,4,NULL
"Bangladesh",2020,NULL,NULL
"Bangladesh",NULL,NULL,NULL
"Canada",2005,1,"February"
"Canada",2005,1,"January"
"Canada",2005,1,"March"
"Canada",2005,1,NULL
"Canada",2005,2,"April"
"Canada",2005,2,"June"
"Canada",2005,2,"May"
"Canada",2005,2,NULL
"Canada",2005,3,"August"
"Canada",2005,3,"July"
"Canada",2005,3,"September"
"Canada",2005,3,NULL
"Canada",2005,4,"December"
"Canada",2005,4,"November"
"Canada",2005,4,"October"
"Canada",2005,4,NULL
"Canada",2005,NULL,NULL
"Canada",2006,1,"February"
"Canada",2006,1,"January"
"Canada",2006,1,"March"
"Canada",2006,1,NULL
"Canada",2006,2,"April"
"Canada",2006,2,"June"
"Canada",2006,2,"May"
"Canada",2006,2,NULL
"Canada",2006,3,"August"
"Canada",2006,3,"July"
"Canada",2006,3,"September"
"Canada",2006,3,NULL
"Canada",2006,4,"December"
"Canada",2006,4,"November"
"Canada",2006,4,"October"
"Canada",2006,4,NULL
"Canada",2006,NULL,NULL
"Canada",2007,1,"February"
"Canada",2007,1,"January"
"Canada",2007,1,"March"
"Canada",2007,1,NULL
"Canada",2007,2,"April"
"Canada",2007,2,"June"
"Canada",2007,2,"May"
"Canada",2007,2,NULL
"Canada",2007,3,"August"
"Canada",2007,3,"July"
"Canada",2007,3,"September"
"Canada",2007,3,NULL
"Canada",2007,4,"December"
"Canada",2007,4,"November"
"Canada",2007,4,"October"
"Canada",2007,4,NULL
"Canada",2007,NULL,NULL
"Canada",2008,1,"February"
"Canada",2008,1,"January"
"Canada",2008,1,"March"
"Canada",2008,1,NULL
"Canada",2008,2,"April"
"Canada",2008,2,"June"
"Canada",2008,2,"May"
"Canada",2008,2,NULL
"Canada",2008,3,"August"
"Canada",2008,3,"July"
"Canada",2008,3,"September"
"Canada",2008,3,NULL
"Canada",2008,4,"December"
"Canada",2008,4,"November"
"Canada",2008,4,"October"
"Canada",2008,4,NULL
"Canada",2008,NULL,NULL
"Canada",2009,1,"February"
"Canada",2009,1,"January"
"Canada",2009,1,"March"
"Canada",2009,1,NULL
"Canada",2009,2,"April"
"Canada",2009,2,"June"
"Canada",2009,2,"May"
"Canada",2009,2,NULL
"Canada",2009,3,"August"
"Canada",2009,3,"July"
"Canada",2009,3,"September"
"Canada",2009,3,NULL
"Canada",2009,4,"December"
"Canada",2009,4,"November"
"Canada",2009,4,"October"
"Canada",2009,4,NULL
"Canada",2009,NULL,NULL
"Canada",2010,1,"February"
"Canada",2010,1,"January"
"Canada",2010,1,"March"
"Canada",2010,1,NULL
"Canada",2010,2,"April"
"Canada",2010,2,"June"
"Canada",2010,2,"May"
"Canada",2010,2,NULL
"Canada",2010,3,"August"
"Canada",2010,3,"July"
"Canada",2010,3,"September"
"Canada",2010,3,NULL
"Canada",2010,4,"December"
"Canada",2010,4,"November"
"Canada",2010,4,"October"
"Canada",2010,4,NULL
"Canada",2010,NULL,NULL
"Canada",2011,1,"February"
"Canada",2011,1,"January"
"Canada",2011,1,"March"
"Canada",2011,1,NULL
"Canada",2011,2,"April"
"Canada",2011,2,"June"
"Canada",2011,2,"May"
"Canada",2011,2,NULL
"Canada",2011,3,"August"
"Canada",2011,3,"July"
"Canada",2011,3,"September"
"Canada",2011,3,NULL
"Canada",2011,4,"December"
"Canada",2011,4,"November"
"Canada",2011,4,"October"
"Canada",2011,4,NULL
"Canada",2011,NULL,NULL
"Canada",2012,1,"February"
"Canada",2012,1,"January"
"Canada",2012,1,"March"
"Canada",2012,1,NULL
"Canada",2012,2,"April"
"Canada",2012,2,"June"
"Canada",2012,2,"May"
"Canada",2012,2,NULL
"Canada",2012,3,"August"
"Canada",2012,3,"July"
"Canada",2012,3,"September"
"Canada",2012,3,NULL
"Canada",2012,4,"December"
"Canada",2012,4,"November"
"Canada",2012,4,"October"
"Canada",2012,4,NULL
"Canada",2012,NULL,NULL
"Canada",2013,1,"February"
"Canada",2013,1,"January"
"Canada",2013,1,"March"
"Canada",2013,1,NULL
"Canada",2013,2,"April"
"Canada",2013,2,"June"
"Canada",2013,2,"May"
"Canada",2013,2,NULL
"Canada",2013,3,"August"
"Canada",2013,3,"July"
"Canada",2013,3,"September"
"Canada",2013,3,NULL
"Canada",2013,4,"December"
"Canada",2013,4,"November"
"Canada",2013,4,"October"
"Canada",2013,4,NULL
"Canada",2013,NULL,NULL
"Canada",2014,1,"February"
"Canada",2014,1,"January"
"Canada",2014,1,"March"
"Canada",2014,1,NULL
"Canada",2014,2,"April"
"Canada",2014,2,"June"
"Canada",2014,2,"May"
"Canada",2014,2,NULL
"Canada",2014,3,"August"
"Canada",2014,3,"July"
"Canada",2014,3,"September"
"Canada",2014,3,NULL
"Canada",2014,4,"December"
"Canada",2014,4,"November"
"Canada",2014,4,"October"
"Canada",2014,4,NULL
"Canada",2014,NULL,NULL
"Canada",2015,1,"February"
"Canada",2015,1,"January"
"Canada",2015,1,"March"
"Canada",2015,1,NULL
"Canada",2015,2,"April"
"Canada",2015,2,"June"
"Canada",2015,2,"May"
"Canada",2015,2,NULL
"Canada",2015,3,"August"
"Canada",2015,3,"July"
"Canada",2015,3,"September"
"Canada",2015,3,NULL
"Canada",2015,4,"December"
"Canada",2015,4,"November"
"Canada",2015,4,"October"
"Canada",2015,4,NULL
"Canada",2015,NULL,NULL
"Canada",2016,1,"February"
"Canada",2016,1,"January"
"Canada",2016,1,"March"
"Canada",2016,1,NULL
"Canada",2016,2,"April"
"Canada",2016,2,"June"
"Canada",2016,2,"May"
"Canada",2016,2,NULL
"Canada",2016,3,"August"
"Canada",2016,3,"July"
"Canada",2016,3,"September"
"Canada",2016,3,NULL
"Canada",2016,4,"December"
"Canada",2016,4,"November"
"Canada",2016,4,"October"
"Canada",2016,4,NULL
"Canada",2016,NULL,NULL
"Canada",2017,1,"February"
"Canada",2017,1,"January"
"Canada",2017,1,"March"
"Canada",2017,1,NULL
"Canada",2017,2,"April"
"Canada",2017,2,"June"
"Canada",2017,2,"May"
"Canada",2017,2,NULL
"Canada",2017,3,"August"
"Canada",2017,3,"July"
"Canada",2017,3,"September"
"Canada",2017,3,NULL
"Canada",2017,4,"December"
"Canada",2017,4,"November"
"Canada",2017,4,"October"
"Canada",2017,4,NULL
"Canada",2017,NULL,NULL
"Canada",2018,1,"February"
"Canada",2018,1,"January"
"Canada",2018,1,"March"
"Canada",2018,1,NULL
"Canada",2018,2,"April"
"Canada",2018,2,"June"
"Canada",2018,2,"May"
"Canada",2018,2,NULL
"Canada",2018,3,"August"
"Canada",2018,3,"July"
"Canada",2018,3,"September"
"Canada",2018,3,NULL
"Canada",2018,4,"December"
"Canada",2018,4,"November"
"Canada",2018,4,"October"
"Canada",2018,4,NULL
"Canada",2018,NULL,NULL
"Canada",2019,1,"February"
"Canada",2019,1,"January"
"Canada",2019,1,"March"
"Canada",2019,1,NULL
"Canada",2019,2,"April"
"Canada",2019,2,"June"
"Canada",2019,2,"May"
"Canada",2019,2,NULL
"Canada",2019,3,"August"
"Canada",2019,3,"July"
"Canada",2019,3,"September"
"Canada",2019,3,NULL
"Canada",2019,4,"December"
"Canada",2019,4,"November"
"Canada",2019,4,"October"
"Canada",2019,4,NULL
"Canada",2019,NULL,NULL
"Canada",2020,1,"February"
"Canada",2020,1,"January"
"Canada",2020,1,"March"
"Canada",2020,1,NULL
"Canada",2020,2,"April"
"Canada",2020,2,"June"
"Canada",2020,2,"May"
"Canada",2020,2,NULL
"Canada",2020,3,"August"
"Canada",2020,3,"July"
"Canada",2020,3,"September"
"Canada",2020,3,NULL
"Canada",2020,4,"December"
"Canada",2020,4,"November"
"Canada",2020,4,"October"
"Canada",2020,4,NULL
"Canada",2020,NULL,NULL
"Canada",NULL,NULL,NULL
"Chad",2005,1,"February"
"Chad",2005,1,"January"
"Chad",2005,1,"March"
"Chad",2005,1,NULL
"Chad",2005,2,"April"
"Chad",2005,2,"June"
"Chad",2005,2,"May"
"Chad",2005,2,NULL
"Chad",2005,3,"August"
"Chad",2005,3,"July"
"Chad",2005,3,"September"
"Chad",2005,3,NULL
"Chad",2005,4,"December"
"Chad",2005,4,"November"
"Chad",2005,4,"October"
"Chad",2005,4,NULL
"Chad",2005,NULL,NULL
"Chad",2006,1,"February"
"Chad",2006,1,"January"
"Chad",2006,1,"March"
"Chad",2006,1,NULL
"Chad",2006,2,"April"
"Chad",2006,2,"June"
"Chad",2006,2,"May"
"Chad",2006,2,NULL
"Chad",2006,3,"August"
"Chad",2006,3,"July"
"Chad",2006,3,"September"
"Chad",2006,3,NULL
"Chad",2006,4,"December"
"Chad",2006,4,"November"
"Chad",2006,4,"October"
"Chad",2006,4,NULL
"Chad",2006,NULL,NULL
"Chad",2007,1,"February"
"Chad",2007,1,"January"
"Chad",2007,1,"March"
"Chad",2007,1,NULL
"Chad",2007,2,"April"
"Chad",2007,2,"June"
"Chad",2007,2,"May"
"Chad",2007,2,NULL
"Chad",2007,3,"August"
"Chad",2007,3,"July"
"Chad",2007,3,"September"
"Chad",2007,3,NULL
"Chad",2007,4,"December"
"Chad",2007,4,"November"
"Chad",2007,4,"October"
"Chad",2007,4,NULL
"Chad",2007,NULL,NULL
"Chad",2008,1,"February"
"Chad",2008,1,"January"
"Chad",2008,1,"March"
"Chad",2008,1,NULL
"Chad",2008,2,"April"
"Chad",2008,2,"June"
"Chad",2008,2,"May"
"Chad",2008,2,NULL
"Chad",2008,3,"August"
"Chad",2008,3,"July"
"Chad",2008,3,"September"
"Chad",2008,3,NULL
"Chad",2008,4,"December"
"Chad",2008,4,"November"
"Chad",2008,4,"October"
"Chad",2008,4,NULL
"Chad",2008,NULL,NULL
"Chad",2009,1,"February"
"Chad",2009,1,"January"
"Chad",2009,1,"March"
"Chad",2009,1,NULL
"Chad",2009,2,"April"
"Chad",2009,2,"June"
"Chad",2009,2,"May"
"Chad",2009,2,NULL
"Chad",2009,3,"August"
"Chad",2009,3,"July"
"Chad",2009,3,"September"
"Chad",2009,3,NULL
"Chad",2009,4,"December"
"Chad",2009,4,"November"
"Chad",2009,4,"October"
"Chad",2009,4,NULL
"Chad",2009,NULL,NULL
"Chad",2010,1,"February"
"Chad",2010,1,"January"
"Chad",2010,1,"March"
"Chad",2010,1,NULL
"Chad",2010,2,"April"
"Chad",2010,2,"June"
"Chad",2010,2,"May"
"Chad",2010,2,NULL
"Chad",2010,3,"August"
"Chad",2010,3,"July"
"Chad",2010,3,"September"
"Chad",2010,3,NULL
"Chad",2010,4,"December"
"Chad",2010,4,"November"
"Chad",2010,4,"October"
"Chad",2010,4,NULL
"Chad",2010,NULL,NULL
"Chad",2011,1,"February"
"Chad",2011,1,"January"
"Chad",2011,1,"March"
"Chad",2011,1,NULL
"Chad",2011,2,"April"
"Chad",2011,2,"June"
"Chad",2011,2,"May"
"Chad",2011,2,NULL
"Chad",2011,3,"August"
"Chad",2011,3,"July"
"Chad",2011,3,"September"
"Chad",2011,3,NULL
"Chad",2011,4,"December"
"Chad",2011,4,"November"
"Chad",2011,4,"October"
"Chad",2011,4,NULL
"Chad",2011,NULL,NULL
"Chad",2012,1,"February"
"Chad",2012,1,"January"
"Chad",2012,1,"March"
"Chad",2012,1,NULL
"Chad",2012,2,"April"
"Chad",2012,2,"June"
"Chad",2012,2,"May"
"Chad",2012,2,NULL
"Chad",2012,3,"August"
"Chad",2012,3,"July"
"Chad",2012,3,"September"
"Chad",2012,3,NULL
"Chad",2012,4,"December"
"Chad",2012,4,"November"
"Chad",2012,4,"October"
"Chad",2012,4,NULL
"Chad",2012,NULL,NULL
"Chad",2013,1,"February"
"Chad",2013,1,"January"
"Chad",2013,1,"March"
"Chad",2013,1,NULL
"Chad",2013,2,"April"
"Chad",2013,2,"June"
"Chad",2013,2,"May"
"Chad",2013,2,NULL
"Chad",2013,3,"August"
"Chad",2013,3,"July"
"Chad",2013,3,"September"
"Chad",2013,3,NULL
"Chad",2013,4,"December"
"Chad",2013,4,"November"
"Chad",2013,4,"October"
"Chad",2013,4,NULL
"Chad",2013,NULL,NULL
"Chad",2014,1,"February"
"Chad",2014,1,"January"
"Chad",2014,1,"March"
"Chad",2014,1,NULL
"Chad",2014,2,"April"
"Chad",2014,2,"June"
"Chad",2014,2,"May"
"Chad",2014,2,NULL
"Chad",2014,3,"August"
"Chad",2014,3,"July"
"Chad",2014,3,"September"
"Chad",2014,3,NULL
"Chad",2014,4,"December"
"Chad",2014,4,"November"
"Chad",2014,4,"October"
"Chad",2014,4,NULL
"Chad",2014,NULL,NULL
"Chad",2015,1,"February"
"Chad",2015,1,"January"
"Chad",2015,1,"March"
"Chad",2015,1,NULL
"Chad",2015,2,"April"
"Chad",2015,2,"June"
"Chad",2015,2,"May"
"Chad",2015,2,NULL
"Chad",2015,3,"August"
"Chad",2015,3,"July"
"Chad",2015,3,"September"
"Chad",2015,3,NULL
"Chad",2015,4,"December"
"Chad",2015,4,"November"
"Chad",2015,4,"October"
"Chad",2015,4,NULL
"Chad",2015,NULL,NULL
"Chad",2016,1,"February"
"Chad",2016,1,"January"
"Chad",2016,1,"March"
"Chad",2016,1,NULL
"Chad",2016,2,"April"
"Chad",2016,2,"June"
"Chad",2016,2,"May"
"Chad",2016,2,NULL
"Chad",2016,3,"August"
"Chad",2016,3,"July"
"Chad",2016,3,"September"
"Chad",2016,3,NULL
"Chad",2016,4,"December"
"Chad",2016,4,"November"
"Chad",2016,4,"October"
"Chad",2016,4,NULL
"Chad",2016,NULL,NULL
"Chad",2017,1,"February"
"Chad",2017,1,"January"
"Chad",2017,1,"March"
"Chad",2017,1,NULL
"Chad",2017,2,"April"
"Chad",2017,2,"June"
"Chad",2017,2,"May"
"Chad",2017,2,NULL
"Chad",2017,3,"August"
"Chad",2017,3,"July"
"Chad",2017,3,"September"
"Chad",2017,3,NULL
"Chad",2017,4,"December"
"Chad",2017,4,"November"
"Chad",2017,4,"October"
"Chad",2017,4,NULL
"Chad",2017,NULL,NULL
"Chad",2018,1,"February"
"Chad",2018,1,"January"
"Chad",2018,1,"March"
"Chad",2018,1,NULL
"Chad",2018,2,"April"
"Chad",2018,2,"June"
"Chad",2018,2,"May"
"Chad",2018,2,NULL
"Chad",2018,3,"August"
"Chad",2018,3,"July"
"Chad",2018,3,"September"
"Chad",2018,3,NULL
"Chad",2018,4,"December"
"Chad",2018,4,"November"
"Chad",2018,4,"October"
"Chad",2018,4,NULL
"Chad",2018,NULL,NULL
"Chad",2019,1,"February"
"Chad",2019,1,"January"
"Chad",2019,1,"March"
"Chad",2019,1,NULL
"Chad",2019,2,"April"
"Chad",2019,2,"June"
"Chad",2019,2,"May"
"Chad",2019,2,NULL
"Chad",2019,3,"August"
"Chad",2019,3,"July"
"Chad",2019,3,"September"
"Chad",2019,3,NULL
"Chad",2019,4,"December"
"Chad",2019,4,"November"
"Chad",2019,4,"October"
"Chad",2019,4,NULL
"Chad",2019,NULL,NULL
"Chad",2020,1,"February"
"Chad",2020,1,"January"
"Chad",2020,1,"March"
"Chad",2020,1,NULL
"Chad",2020,2,"April"
"Chad",2020,2,"June"
"Chad",2020,2,"May"
"Chad",2020,2,NULL
"Chad",2020,3,"August"
"Chad",2020,3,"July"
"Chad",2020,3,"September"
"Chad",2020,3,NULL
"Chad",2020,4,"December"
"Chad",2020,4,"November"
"Chad",2020,4,"October"
"Chad",2020,4,NULL
"Chad",2020,NULL,NULL
"Chad",NULL,NULL,NULL
"Guinea",2005,1,"February"
"Guinea",2005,1,"January"
"Guinea",2005,1,"March"
"Guinea",2005,1,NULL
"Guinea",2005,2,"April"
"Guinea",2005,2,"June"
"Guinea",2005,2,"May"
"Guinea",2005,2,NULL
"Guinea",2005,3,"August"
"Guinea",2005,3,"July"
"Guinea",2005,3,"September"
"Guinea",2005,3,NULL
"Guinea",2005,4,"December"
"Guinea",2005,4,"November"
"Guinea",2005,4,"October"
"Guinea",2005,4,NULL
"Guinea",2005,NULL,NULL
"Guinea",2006,1,"February"
"Guinea",2006,1,"January"
"Guinea",2006,1,"March"
"Guinea",2006,1,NULL
"Guinea",2006,2,"April"
"Guinea",2006,2,"June"
"Guinea",2006,2,"May"
"Guinea",2006,2,NULL
"Guinea",2006,3,"August"
"Guinea",2006,3,"July"
"Guinea",2006,3,"September"
"Guinea",2006,3,NULL
"Guinea",2006,4,"December"
"Guinea",2006,4,"November"
"Guinea",2006,4,"October"
"Guinea",2006,4,NULL
"Guinea",2006,NULL,NULL
"Guinea",2007,1,"February"
"Guinea",2007,1,"January"
"Guinea",2007,1,"March"
"Guinea",2007,1,NULL
"Guinea",2007,2,"April"
"Guinea",2007,2,"June"
"Guinea",2007,2,"May"
"Guinea",2007,2,NULL
"Guinea",2007,3,"August"
"Guinea",2007,3,"July"
"Guinea",2007,3,"September"
"Guinea",2007,3,NULL
"Guinea",2007,4,"December"
"Guinea",2007,4,"November"
"Guinea",2007,4,"October"
"Guinea",2007,4,NULL
"Guinea",2007,NULL,NULL
"Guinea",2008,1,"February"
"Guinea",2008,1,"January"
"Guinea",2008,1,"March"
"Guinea",2008,1,NULL
"Guinea",2008,2,"April"
"Guinea",2008,2,"June"
"Guinea",2008,2,"May"
"Guinea",2008,2,NULL
"Guinea",2008,3,"August"
"Guinea",2008,3,"July"
"Guinea",2008,3,"September"
"Guinea",2008,3,NULL
"Guinea",2008,4,"December"
"Guinea",2008,4,"November"
"Guinea",2008,4,"October"
"Guinea",2008,4,NULL
"Guinea",2008,NULL,NULL
"Guinea",2009,1,"February"
"Guinea",2009,1,"January"
"Guinea",2009,1,"March"
"Guinea",2009,1,NULL
"Guinea",2009,2,"April"
"Guinea",2009,2,"June"
"Guinea",2009,2,"May"
"Guinea",2009,2,NULL
"Guinea",2009,3,"August"
"Guinea",2009,3,"July"
"Guinea",2009,3,"September"
"Guinea",2009,3,NULL
"Guinea",2009,4,"December"
"Guinea",2009,4,"November"
"Guinea",2009,4,"October"
"Guinea",2009,4,NULL
"Guinea",2009,NULL,NULL
"Guinea",2010,1,"February"
"Guinea",2010,1,"January"
"Guinea",2010,1,"March"
"Guinea",2010,1,NULL
"Guinea",2010,2,"April"
"Guinea",2010,2,"June"
"Guinea",2010,2,"May"
"Guinea",2010,2,NULL
"Guinea",2010,3,"August"
"Guinea",2010,3,"July"
"Guinea",2010,3,"September"
"Guinea",2010,3,NULL
"Guinea",2010,4,"December"
"Guinea",2010,4,"November"
"Guinea",2010,4,"October"
"Guinea",2010,4,NULL
"Guinea",2010,NULL,NULL
"Guinea",2011,1,"February"
"Guinea",2011,1,"January"
"Guinea",2011,1,"March"
"Guinea",2011,1,NULL
"Guinea",2011,2,"April"
"Guinea",2011,2,"June"
"Guinea",2011,2,"May"
"Guinea",2011,2,NULL
"Guinea",2011,3,"August"
"Guinea",2011,3,"July"
"Guinea",2011,3,"September"
"Guinea",2011,3,NULL
"Guinea",2011,4,"December"
"Guinea",2011,4,"November"
"Guinea",2011,4,"October"
"Guinea",2011,4,NULL
"Guinea",2011,NULL,NULL
"Guinea",2012,1,"February"
"Guinea",2012,1,"January"
"Guinea",2012,1,"March"
"Guinea",2012,1,NULL
"Guinea",2012,2,"April"
"Guinea",2012,2,"June"
"Guinea",2012,2,"May"
"Guinea",2012,2,NULL
"Guinea",2012,3,"August"
"Guinea",2012,3,"July"
"Guinea",2012,3,"September"
"Guinea",2012,3,NULL
"Guinea",2012,4,"December"
"Guinea",2012,4,"November"
"Guinea",2012,4,"October"
"Guinea",2012,4,NULL
"Guinea",2012,NULL,NULL
"Guinea",2013,1,"February"
"Guinea",2013,1,"January"
"Guinea",2013,1,"March"
"Guinea",2013,1,NULL
"Guinea",2013,2,"April"
"Guinea",2013,2,"June"
"Guinea",2013,2,"May"
"Guinea",2013,2,NULL
"Guinea",2013,3,"August"
"Guinea",2013,3,"July"
"Guinea",2013,3,"September"
"Guinea",2013,3,NULL
"Guinea",2013,4,"December"
"Guinea",2013,4,"November"
"Guinea",2013,4,"October"
"Guinea",2013,4,NULL
"Guinea",2013,NULL,NULL
"Guinea",2014,1,"February"
"Guinea",2014,1,"January"
"Guinea",2014,1,"March"
"Guinea",2014,1,NULL
"Guinea",2014,2,"April"
"Guinea",2014,2,"June"
"Guinea",2014,2,"May"
"Guinea",2014,2,NULL
"Guinea",2014,3,"August"
"Guinea",2014,3,"July"
"Guinea",2014,3,"September"
"Guinea",2014,3,NULL
"Guinea",2014,4,"December"
"Guinea",2014,4,"November"
"Guinea",2014,4,"October"
"Guinea",2014,4,NULL
"Guinea",2014,NULL,NULL
"Guinea",2015,1,"February"
"Guinea",2015,1,"January"
"Guinea",2015,1,"March"
"Guinea",2015,1,NULL
"Guinea",2015,2,"April"
"Guinea",2015,2,"June"
"Guinea",2015,2,"May"
"Guinea",2015,2,NULL
"Guinea",2015,3,"August"
"Guinea",2015,3,"July"
"Guinea",2015,3,"September"
"Guinea",2015,3,NULL
"Guinea",2015,4,"December"
"Guinea",2015,4,"November"
"Guinea",2015,4,"October"
"Guinea",2015,4,NULL
"Guinea",2015,NULL,NULL
"Guinea",2016,1,"February"
"Guinea",2016,1,"January"
"Guinea",2016,1,"March"
"Guinea",2016,1,NULL
"Guinea",2016,2,"April"
"Guinea",2016,2,"June"
"Guinea",2016,2,"May"
"Guinea",2016,2,NULL
"Guinea",2016,3,"August"
"Guinea",2016,3,"July"
"Guinea",2016,3,"September"
"Guinea",2016,3,NULL
"Guinea",2016,4,"December"
"Guinea",2016,4,"November"
"Guinea",2016,4,"October"
"Guinea",2016,4,NULL
"Guinea",2016,NULL,NULL
"Guinea",2017,1,"February"
"Guinea",2017,1,"January"
"Guinea",2017,1,"March"
"Guinea",2017,1,NULL
"Guinea",2017,2,"April"
"Guinea",2017,2,"June"
"Guinea",2017,2,"May"
"Guinea",2017,2,NULL
"Guinea",2017,3,"August"
"Guinea",2017,3,"July"
"Guinea",2017,3,"September"
"Guinea",2017,3,NULL
"Guinea",2017,4,"December"
"Guinea",2017,4,"November"
"Guinea",2017,4,"October"
"Guinea",2017,4,NULL
"Guinea",2017,NULL,NULL
"Guinea",2018,1,"February"
"Guinea",2018,1,"January"
"Guinea",2018,1,"March"
"Guinea",2018,1,NULL
"Guinea",2018,2,"April"
"Guinea",2018,2,"June"
"Guinea",2018,2,"May"
"Guinea",2018,2,NULL
"Guinea",2018,3,"August"
"Guinea",2018,3,"July"
"Guinea",2018,3,"September"
"Guinea",2018,3,NULL
"Guinea",2018,4,"December"
"Guinea",2018,4,"November"
"Guinea",2018,4,"October"
"Guinea",2018,4,NULL
"Guinea",2018,NULL,NULL
"Guinea",2019,1,"February"
"Guinea",2019,1,"January"
"Guinea",2019,1,"March"
"Guinea",2019,1,NULL
"Guinea",2019,2,"April"
"Guinea",2019,2,"June"
"Guinea",2019,2,"May"
"Guinea",2019,2,NULL
"Guinea",2019,3,"August"
"Guinea",2019,3,"July"
"Guinea",2019,3,"September"
"Guinea",2019,3,NULL
"Guinea",2019,4,"December"
"Guinea",2019,4,"November"
"Guinea",2019,4,"October"
"Guinea",2019,4,NULL
"Guinea",2019,NULL,NULL
"Guinea",2020,1,"February"
"Guinea",2020,1,"January"
"Guinea",2020,1,"March"
"Guinea",2020,1,NULL
"Guinea",2020,2,"April"
"Guinea",2020,2,"June"
"Guinea",2020,2,"May"
"Guinea",2020,2,NULL
"Guinea",2020,3,"August"
"Guinea",2020,3,"July"
"Guinea",2020,3,"September"
"Guinea",2020,3,NULL
"Guinea",2020,4,"December"
"Guinea",2020,4,"November"
"Guinea",2020,4,"October"
"Guinea",2020,4,NULL
"Guinea",2020,NULL,NULL
"Guinea",NULL,NULL,NULL
"Indonesia",2005,1,"February"
"Indonesia",2005,1,"January"
"Indonesia",2005,1,"March"
"Indonesia",2005,1,NULL
"Indonesia",2005,2,"April"
"Indonesia",2005,2,"June"
"Indonesia",2005,2,"May"
"Indonesia",2005,2,NULL
"Indonesia",2005,3,"August"
"Indonesia",2005,3,"July"
"Indonesia",2005,3,"September"
"Indonesia",2005,3,NULL
"Indonesia",2005,4,"December"
"Indonesia",2005,4,"November"
"Indonesia",2005,4,"October"
"Indonesia",2005,4,NULL
"Indonesia",2005,NULL,NULL
"Indonesia",2006,1,"February"
"Indonesia",2006,1,"January"
"Indonesia",2006,1,"March"
"Indonesia",2006,1,NULL
"Indonesia",2006,2,"April"
"Indonesia",2006,2,"June"
"Indonesia",2006,2,"May"
"Indonesia",2006,2,NULL
"Indonesia",2006,3,"August"
"Indonesia",2006,3,"July"
"Indonesia",2006,3,"September"
"Indonesia",2006,3,NULL
"Indonesia",2006,4,"December"
"Indonesia",2006,4,"November"
"Indonesia",2006,4,"October"
"Indonesia",2006,4,NULL
"Indonesia",2006,NULL,NULL
"Indonesia",2007,1,"February"
"Indonesia",2007,1,"January"
"Indonesia",2007,1,"March"
"Indonesia",2007,1,NULL
"Indonesia",2007,2,"April"
"Indonesia",2007,2,"June"
"Indonesia",2007,2,"May"
"Indonesia",2007,2,NULL
"Indonesia",2007,3,"August"
"Indonesia",2007,3,"July"
"Indonesia",2007,3,"September"
"Indonesia",2007,3,NULL
"Indonesia",2007,4,"December"
"Indonesia",2007,4,"November"
"Indonesia",2007,4,"October"
"Indonesia",2007,4,NULL
"Indonesia",2007,NULL,NULL
"Indonesia",2008,1,"February"
"Indonesia",2008,1,"January"
"Indonesia",2008,1,"March"
"Indonesia",2008,1,NULL
"Indonesia",2008,2,"April"
"Indonesia",2008,2,"June"
"Indonesia",2008,2,"May"
"Indonesia",2008,2,NULL
"Indonesia",2008,3,"August"
"Indonesia",2008,3,"July"
"Indonesia",2008,3,"September"
"Indonesia",2008,3,NULL
"Indonesia",2008,4,"December"
"Indonesia",2008,4,"November"
"Indonesia",2008,4,"October"
"Indonesia",2008,4,NULL
"Indonesia",2008,NULL,NULL
"Indonesia",2009,1,"February"
"Indonesia",2009,1,"January"
"Indonesia",2009,1,"March"
"Indonesia",2009,1,NULL
"Indonesia",2009,2,"April"
"Indonesia",2009,2,"June"
"Indonesia",2009,2,"May"
"Indonesia",2009,2,NULL
"Indonesia",2009,3,"August"
"Indonesia",2009,3,"July"
"Indonesia",2009,3,"September"
"Indonesia",2009,3,NULL
"Indonesia",2009,4,"December"
"Indonesia",2009,4,"November"
"Indonesia",2009,4,"October"
"Indonesia",2009,4,NULL
"Indonesia",2009,NULL,NULL
"Indonesia",2010,1,"February"
"Indonesia",2010,1,"January"
"Indonesia",2010,1,"March"
"Indonesia",2010,1,NULL
"Indonesia",2010,2,"April"
"Indonesia",2010,2,"June"
"Indonesia",2010,2,"May"
"Indonesia",2010,2,NULL
"Indonesia",2010,3,"August"
"Indonesia",2010,3,"July"
"Indonesia",2010,3,"September"
"Indonesia",2010,3,NULL
"Indonesia",2010,4,"December"
"Indonesia",2010,4,"November"
"Indonesia",2010,4,"October"
"Indonesia",2010,4,NULL
"Indonesia",2010,NULL,NULL
"Indonesia",2011,1,"February"
"Indonesia",2011,1,"January"
"Indonesia",2011,1,"March"
"Indonesia",2011,1,NULL
"Indonesia",2011,2,"April"
"Indonesia",2011,2,"June"
"Indonesia",2011,2,"May"
"Indonesia",2011,2,NULL
"Indonesia",2011,3,"August"
"Indonesia",2011,3,"July"
"Indonesia",2011,3,"September"
"Indonesia",2011,3,NULL
"Indonesia",2011,4,"December"
"Indonesia",2011,4,"November"
"Indonesia",2011,4,"October"
"Indonesia",2011,4,NULL
"Indonesia",2011,NULL,NULL
"Indonesia",2012,1,"February"
"Indonesia",2012,1,"January"
"Indonesia",2012,1,"March"
"Indonesia",2012,1,NULL
"Indonesia",2012,2,"April"
"Indonesia",2012,2,"June"
"Indonesia",2012,2,"May"
"Indonesia",2012,2,NULL
"Indonesia",2012,3,"August"
"Indonesia",2012,3,"July"
"Indonesia",2012,3,"September"
"Indonesia",2012,3,NULL
"Indonesia",2012,4,"December"
"Indonesia",2012,4,"November"
"Indonesia",2012,4,"October"
"Indonesia",2012,4,NULL
"Indonesia",2012,NULL,NULL
"Indonesia",2013,1,"February"
"Indonesia",2013,1,"January"
"Indonesia",2013,1,"March"
"Indonesia",2013,1,NULL
"Indonesia",2013,2,"April"
"Indonesia",2013,2,"June"
"Indonesia",2013,2,"May"
"Indonesia",2013,2,NULL
"Indonesia",2013,3,"August"
"Indonesia",2013,3,"July"
"Indonesia",2013,3,"September"
"Indonesia",2013,3,NULL
"Indonesia",2013,4,"December"
"Indonesia",2013,4,"November"
"Indonesia",2013,4,"October"
"Indonesia",2013,4,NULL
"Indonesia",2013,NULL,NULL
"Indonesia",2014,1,"February"
"Indonesia",2014,1,"January"
"Indonesia",2014,1,"March"
"Indonesia",2014,1,NULL
"Indonesia",2014,2,"April"
"Indonesia",2014,2,"June"
"Indonesia",2014,2,"May"
"Indonesia",2014,2,NULL
"Indonesia",2014,3,"August"
"Indonesia",2014,3,"July"
"Indonesia",2014,3,"September"
"Indonesia",2014,3,NULL
"Indonesia",2014,4,"December"
"Indonesia",2014,4,"November"
"Indonesia",2014,4,"October"
"Indonesia",2014,4,NULL
"Indonesia",2014,NULL,NULL
"Indonesia",2015,1,"February"
"Indonesia",2015,1,"January"
"Indonesia",2015,1,"March"
"Indonesia",2015,1,NULL
"Indonesia",2015,2,"April"
"Indonesia",2015,2,"June"
"Indonesia",2015,2,"May"
"Indonesia",2015,2,NULL
"Indonesia",2015,3,"August"
"Indonesia",2015,3,"July"
"Indonesia",2015,3,"September"
"Indonesia",2015,3,NULL
"Indonesia",2015,4,"December"
"Indonesia",2015,4,"November"
"Indonesia",2015,4,"October"
"Indonesia",2015,4,NULL
"Indonesia",2015,NULL,NULL
"Indonesia",2016,1,"February"
"Indonesia",2016,1,"January"
"Indonesia",2016,1,"March"
"Indonesia",2016,1,NULL
"Indonesia",2016,2,"April"
"Indonesia",2016,2,"June"
"Indonesia",2016,2,"May"
"Indonesia",2016,2,NULL
"Indonesia",2016,3,"August"
"Indonesia",2016,3,"July"
"Indonesia",2016,3,"September"
"Indonesia",2016,3,NULL
"Indonesia",2016,4,"December"
"Indonesia",2016,4,"November"
"Indonesia",2016,4,"October"
"Indonesia",2016,4,NULL
"Indonesia",2016,NULL,NULL
"Indonesia",2017,1,"February"
"Indonesia",2017,1,"January"
"Indonesia",2017,1,"March"
"Indonesia",2017,1,NULL
"Indonesia",2017,2,"April"
"Indonesia",2017,2,"June"
"Indonesia",2017,2,"May"
"Indonesia",2017,2,NULL
"Indonesia",2017,3,"August"
"Indonesia",2017,3,"July"
"Indonesia",2017,3,"September"
"Indonesia",2017,3,NULL
"Indonesia",2017,4,"December"
"Indonesia",2017,4,"November"
"Indonesia",2017,4,"October"
"Indonesia",2017,4,NULL
"Indonesia",2017,NULL,NULL
"Indonesia",2018,1,"February"
"Indonesia",2018,1,"January"
"Indonesia",2018,1,"March"
"Indonesia",2018,1,NULL
"Indonesia",2018,2,"April"
"Indonesia",2018,2,"June"
"Indonesia",2018,2,"May"
"Indonesia",2018,2,NULL
"Indonesia",2018,3,"August"
"Indonesia",2018,3,"July"
"Indonesia",2018,3,"September"
"Indonesia",2018,3,NULL
"Indonesia",2018,4,"December"
"Indonesia",2018,4,"November"
"Indonesia",2018,4,"October"
"Indonesia",2018,4,NULL
"Indonesia",2018,NULL,NULL
"Indonesia",2019,1,"February"
"Indonesia",2019,1,"January"
"Indonesia",2019,1,"March"
"Indonesia",2019,1,NULL
"Indonesia",2019,2,"April"
"Indonesia",2019,2,"June"
"Indonesia",2019,2,"May"
"Indonesia",2019,2,NULL
"Indonesia",2019,3,"August"
"Indonesia",2019,3,"July"
"Indonesia",2019,3,"September"
"Indonesia",2019,3,NULL
"Indonesia",2019,4,"December"
"Indonesia",2019,4,"November"
"Indonesia",2019,4,"October"
"Indonesia",2019,4,NULL
"Indonesia",2019,NULL,NULL
"Indonesia",2020,1,"February"
"Indonesia",2020,1,"January"
"Indonesia",2020,1,"March"
"Indonesia",2020,1,NULL
"Indonesia",2020,2,"April"
"Indonesia",2020,2,"June"
"Indonesia",2020,2,"May"
"Indonesia",2020,2,NULL
"Indonesia",2020,3,"August"
"Indonesia",2020,3,"July"
"Indonesia",2020,3,"September"
"Indonesia",2020,3,NULL
"Indonesia",2020,4,"December"
"Indonesia",2020,4,"November"
"Indonesia",2020,4,"October"
"Indonesia",2020,4,NULL
"Indonesia",2020,NULL,NULL
"Indonesia",NULL,NULL,NULL
"Mexico",2005,1,"February"
"Mexico",2005,1,"January"
"Mexico",2005,1,"March"
"Mexico",2005,1,NULL
"Mexico",2005,2,"April"
"Mexico",2005,2,"June"
"Mexico",2005,2,"May"
"Mexico",2005,2,NULL
"Mexico",2005,3,"August"
"Mexico",2005,3,"July"
"Mexico",2005,3,"September"
"Mexico",2005,3,NULL
"Mexico",2005,4,"December"
"Mexico",2005,4,"November"
"Mexico",2005,4,"October"
"Mexico",2005,4,NULL
"Mexico",2005,NULL,NULL
"Mexico",2006,1,"February"
"Mexico",2006,1,"January"
"Mexico",2006,1,"March"
"Mexico",2006,1,NULL
"Mexico",2006,2,"April"
"Mexico",2006,2,"June"
"Mexico",2006,2,"May"
"Mexico",2006,2,NULL
"Mexico",2006,3,"August"
"Mexico",2006,3,"July"
"Mexico",2006,3,"September"
"Mexico",2006,3,NULL
"Mexico",2006,4,"December"
"Mexico",2006,4,"November"
"Mexico",2006,4,"October"
"Mexico",2006,4,NULL
"Mexico",2006,NULL,NULL
"Mexico",2007,1,"February"
"Mexico",2007,1,"January"
"Mexico",2007,1,"March"
"Mexico",2007,1,NULL
"Mexico",2007,2,"April"
"Mexico",2007,2,"June"
"Mexico",2007,2,"May"
"Mexico",2007,2,NULL
"Mexico",2007,3,"August"
"Mexico",2007,3,"July"
"Mexico",2007,3,"September"
"Mexico",2007,3,NULL
"Mexico",2007,4,"December"
"Mexico",2007,4,"November"
"Mexico",2007,4,"October"
"Mexico",2007,4,NULL
"Mexico",2007,NULL,NULL
"Mexico",2008,1,"February"
"Mexico",2008,1,"January"
"Mexico",2008,1,"March"
"Mexico",2008,1,NULL
"Mexico",2008,2,"April"
"Mexico",2008,2,"June"
"Mexico",2008,2,"May"
"Mexico",2008,2,NULL
"Mexico",2008,3,"August"
"Mexico",2008,3,"July"
"Mexico",2008,3,"September"
"Mexico",2008,3,NULL
"Mexico",2008,4,"December"
"Mexico",2008,4,"November"
"Mexico",2008,4,"October"
"Mexico",2008,4,NULL
"Mexico",2008,NULL,NULL
"Mexico",2009,1,"February"
"Mexico",2009,1,"January"
"Mexico",2009,1,"March"
"Mexico",2009,1,NULL
"Mexico",2009,2,"April"
"Mexico",2009,2,"June"
"Mexico",2009,2,"May"
"Mexico",2009,2,NULL
"Mexico",2009,3,"August"
"Mexico",2009,3,"July"
"Mexico",2009,3,"September"
"Mexico",2009,3,NULL
"Mexico",2009,4,"December"
"Mexico",2009,4,"November"
"Mexico",2009,4,"October"
"Mexico",2009,4,NULL
"Mexico",2009,NULL,NULL
"Mexico",2010,1,"February"
"Mexico",2010,1,"January"
"Mexico",2010,1,"March"
"Mexico",2010,1,NULL
"Mexico",2010,2,"April"
"Mexico",2010,2,"June"
"Mexico",2010,2,"May"
"Mexico",2010,2,NULL
"Mexico",2010,3,"August"
"Mexico",2010,3,"July"
"Mexico",2010,3,"September"
"Mexico",2010,3,NULL
"Mexico",2010,4,"December"
"Mexico",2010,4,"November"
"Mexico",2010,4,"October"
"Mexico",2010,4,NULL
"Mexico",2010,NULL,NULL
"Mexico",2011,1,"February"
"Mexico",2011,1,"January"
"Mexico",2011,1,"March"
"Mexico",2011,1,NULL
"Mexico",2011,2,"April"
"Mexico",2011,2,"June"
"Mexico",2011,2,"May"
"Mexico",2011,2,NULL
"Mexico",2011,3,"August"
"Mexico",2011,3,"July"
"Mexico",2011,3,"September"
"Mexico",2011,3,NULL
"Mexico",2011,4,"December"
"Mexico",2011,4,"November"
"Mexico",2011,4,"October"
"Mexico",2011,4,NULL
"Mexico",2011,NULL,NULL
"Mexico",2012,1,"February"
"Mexico",2012,1,"January"
"Mexico",2012,1,"March"
"Mexico",2012,1,NULL
"Mexico",2012,2,"April"
"Mexico",2012,2,"June"
"Mexico",2012,2,"May"
"Mexico",2012,2,NULL
"Mexico",2012,3,"August"
"Mexico",2012,3,"July"
"Mexico",2012,3,"September"
"Mexico",2012,3,NULL
"Mexico",2012,4,"December"
"Mexico",2012,4,"November"
"Mexico",2012,4,"October"
"Mexico",2012,4,NULL
"Mexico",2012,NULL,NULL
"Mexico",2013,1,"February"
"Mexico",2013,1,"January"
"Mexico",2013,1,"March"
"Mexico",2013,1,NULL
"Mexico",2013,2,"April"
"Mexico",2013,2,"June"
"Mexico",2013,2,"May"
"Mexico",2013,2,NULL
"Mexico",2013,3,"August"
"Mexico",2013,3,"July"
"Mexico",2013,3,"September"
"Mexico",2013,3,NULL
"Mexico",2013,4,"December"
"Mexico",2013,4,"November"
"Mexico",2013,4,"October"
"Mexico",2013,4,NULL
"Mexico",2013,NULL,NULL
"Mexico",2014,1,"February"
"Mexico",2014,1,"January"
"Mexico",2014,1,"March"
"Mexico",2014,1,NULL
"Mexico",2014,2,"April"
"Mexico",2014,2,"June"
"Mexico",2014,2,"May"
"Mexico",2014,2,NULL
"Mexico",2014,3,"August"
"Mexico",2014,3,"July"
"Mexico",2014,3,"September"
"Mexico",2014,3,NULL
"Mexico",2014,4,"December"
"Mexico",2014,4,"November"
"Mexico",2014,4,"October"
"Mexico",2014,4,NULL
"Mexico",2014,NULL,NULL
"Mexico",2015,1,"February"
"Mexico",2015,1,"January"
"Mexico",2015,1,"March"
"Mexico",2015,1,NULL
"Mexico",2015,2,"April"
"Mexico",2015,2,"June"
"Mexico",2015,2,"May"
"Mexico",2015,2,NULL
"Mexico",2015,3,"August"
"Mexico",2015,3,"July"
"Mexico",2015,3,"September"
"Mexico",2015,3,NULL
"Mexico",2015,4,"December"
"Mexico",2015,4,"November"
"Mexico",2015,4,"October"
"Mexico",2015,4,NULL
"Mexico",2015,NULL,NULL
"Mexico",2016,1,"February"
"Mexico",2016,1,"January"
"Mexico",2016,1,"March"
"Mexico",2016,1,NULL
"Mexico",2016,2,"April"
"Mexico",2016,2,"June"
"Mexico",2016,2,"May"
"Mexico",2016,2,NULL
"Mexico",2016,3,"August"
"Mexico",2016,3,"July"
"Mexico",2016,3,"September"
"Mexico",2016,3,NULL
"Mexico",2016,4,"December"
"Mexico",2016,4,"November"
"Mexico",2016,4,"October"
"Mexico",2016,4,NULL
"Mexico",2016,NULL,NULL
"Mexico",2017,1,"February"
"Mexico",2017,1,"January"
"Mexico",2017,1,"March"
"Mexico",2017,1,NULL
"Mexico",2017,2,"April"
"Mexico",2017,2,"June"
"Mexico",2017,2,"May"
"Mexico",2017,2,NULL
"Mexico",2017,3,"August"
"Mexico",2017,3,"July"
"Mexico",2017,3,"September"
"Mexico",2017,3,NULL
"Mexico",2017,4,"December"
"Mexico",2017,4,"November"
"Mexico",2017,4,"October"
"Mexico",2017,4,NULL
"Mexico",2017,NULL,NULL
"Mexico",2018,1,"February"
"Mexico",2018,1,"January"
"Mexico",2018,1,"March"
"Mexico",2018,1,NULL
"Mexico",2018,2,"April"
"Mexico",2018,2,"June"
"Mexico",2018,2,"May"
"Mexico",2018,2,NULL
"Mexico",2018,3,"August"
"Mexico",2018,3,"July"
"Mexico",2018,3,"September"
"Mexico",2018,3,NULL
"Mexico",2018,4,"December"
"Mexico",2018,4,"November"
"Mexico",2018,4,"October"
"Mexico",2018,4,NULL
"Mexico",2018,NULL,NULL
"Mexico",2019,1,"February"
"Mexico",2019,1,"January"
"Mexico",2019,1,"March"
"Mexico",2019,1,NULL
"Mexico",2019,2,"April"
"Mexico",2019,2,"June"
"Mexico",2019,2,"May"
"Mexico",2019,2,NULL
"Mexico",2019,3,"August"
"Mexico",2019,3,"July"
"Mexico",2019,3,"September"
"Mexico",2019,3,NULL
"Mexico",2019,4,"December"
"Mexico",2019,4,"November"
"Mexico",2019,4,"October"
"Mexico",2019,4,NULL
"Mexico",2019,NULL,NULL
"Mexico",2020,1,"February"
"Mexico",2020,1,"January"
"Mexico",2020,1,"March"
"Mexico",2020,1,NULL
"Mexico",2020,2,"April"
"Mexico",2020,2,"June"
"Mexico",2020,2,"May"
"Mexico",2020,2,NULL
"Mexico",2020,3,"August"
"Mexico",2020,3,"July"
"Mexico",2020,3,"September"
"Mexico",2020,3,NULL
"Mexico",2020,4,"December"
"Mexico",2020,4,"November"
"Mexico",2020,4,"October"
"Mexico",2020,4,NULL
"Mexico",2020,NULL,NULL
"Mexico",NULL,NULL,NULL
"Philippines",2005,1,"February"
"Philippines",2005,1,"January"
"Philippines",2005,1,"March"
"Philippines",2005,1,NULL
"Philippines",2005,2,"April"
"Philippines",2005,2,"June"
"Philippines",2005,2,"May"
"Philippines",2005,2,NULL
"Philippines",2005,3,"August"
"Philippines",2005,3,"July"
"Philippines",2005,3,"September"
"Philippines",2005,3,NULL
"Philippines",2005,4,"December"
"Philippines",2005,4,"November"
"Philippines",2005,4,"October"
"Philippines",2005,4,NULL
"Philippines",2005,NULL,NULL
"Philippines",2006,1,"February"
"Philippines",2006,1,"January"
"Philippines",2006,1,"March"
"Philippines",2006,1,NULL
"Philippines",2006,2,"April"
"Philippines",2006,2,"June"
"Philippines",2006,2,"May"
"Philippines",2006,2,NULL
"Philippines",2006,3,"August"
"Philippines",2006,3,"July"
"Philippines",2006,3,"September"
"Philippines",2006,3,NULL
"Philippines",2006,4,"December"
"Philippines",2006,4,"November"
"Philippines",2006,4,"October"
"Philippines",2006,4,NULL
"Philippines",2006,NULL,NULL
"Philippines",2007,1,"February"
"Philippines",2007,1,"January"
"Philippines",2007,1,"March"
"Philippines",2007,1,NULL
"Philippines",2007,2,"April"
"Philippines",2007,2,"June"
"Philippines",2007,2,"May"
"Philippines",2007,2,NULL
"Philippines",2007,3,"August"
"Philippines",2007,3,"July"
"Philippines",2007,3,"September"
"Philippines",2007,3,NULL
"Philippines",2007,4,"December"
"Philippines",2007,4,"November"
"Philippines",2007,4,"October"
"Philippines",2007,4,NULL
"Philippines",2007,NULL,NULL
"Philippines",2008,1,"February"
"Philippines",2008,1,"January"
"Philippines",2008,1,"March"
"Philippines",2008,1,NULL
"Philippines",2008,2,"April"
"Philippines",2008,2,"June"
"Philippines",2008,2,"May"
"Philippines",2008,2,NULL
"Philippines",2008,3,"August"
"Philippines",2008,3,"July"
"Philippines",2008,3,"September"
"Philippines",2008,3,NULL
"Philippines",2008,4,"December"
"Philippines",2008,4,"November"
"Philippines",2008,4,"October"
"Philippines",2008,4,NULL
"Philippines",2008,NULL,NULL
"Philippines",2009,1,"February"
"Philippines",2009,1,"January"
"Philippines",2009,1,"March"
"Philippines",2009,1,NULL
"Philippines",2009,2,"April"
"Philippines",2009,2,"June"
"Philippines",2009,2,"May"
"Philippines",2009,2,NULL
"Philippines",2009,3,"August"
"Philippines",2009,3,"July"
"Philippines",2009,3,"September"
"Philippines",2009,3,NULL
"Philippines",2009,4,"December"
"Philippines",2009,4,"November"
"Philippines",2009,4,"October"
"Philippines",2009,4,NULL
"Philippines",2009,NULL,NULL
"Philippines",2010,1,"February"
"Philippines",2010,1,"January"
"Philippines",2010,1,"March"
"Philippines",2010,1,NULL
"Philippines",2010,2,"April"
"Philippines",2010,2,"June"
"Philippines",2010,2,"May"
"Philippines",2010,2,NULL
"Philippines",2010,3,"August"
"Philippines",2010,3,"July"
"Philippines",2010,3,"September"
"Philippines",2010,3,NULL
"Philippines",2010,4,"December"
"Philippines",2010,4,"November"
"Philippines",2010,4,"October"
"Philippines",2010,4,NULL
"Philippines",2010,NULL,NULL
"Philippines",2011,1,"February"
"Philippines",2011,1,"January"
"Philippines",2011,1,"March"
"Philippines",2011,1,NULL
"Philippines",2011,2,"April"
"Philippines",2011,2,"June"
"Philippines",2011,2,"May"
"Philippines",2011,2,NULL
"Philippines",2011,3,"August"
"Philippines",2011,3,"July"
"Philippines",2011,3,"September"
"Philippines",2011,3,NULL
"Philippines",2011,4,"December"
"Philippines",2011,4,"November"
"Philippines",2011,4,"October"
"Philippines",2011,4,NULL
"Philippines",2011,NULL,NULL
"Philippines",2012,1,"February"
"Philippines",2012,1,"January"
"Philippines",2012,1,"March"
"Philippines",2012,1,NULL
"Philippines",2012,2,"April"
"Philippines",2012,2,"June"
"Philippines",2012,2,"May"
"Philippines",2012,2,NULL
"Philippines",2012,3,"August"
"Philippines",2012,3,"July"
"Philippines",2012,3,"September"
"Philippines",2012,3,NULL
"Philippines",2012,4,"December"
"Philippines",2012,4,"November"
"Philippines",2012,4,"October"
"Philippines",2012,4,NULL
"Philippines",2012,NULL,NULL
"Philippines",2013,1,"February"
"Philippines",2013,1,"January"
"Philippines",2013,1,"March"
"Philippines",2013,1,NULL
"Philippines",2013,2,"April"
"Philippines",2013,2,"June"
"Philippines",2013,2,"May"
"Philippines",2013,2,NULL
"Philippines",2013,3,"August"
"Philippines",2013,3,"July"
"Philippines",2013,3,"September"
"Philippines",2013,3,NULL
"Philippines",2013,4,"December"
"Philippines",2013,4,"November"
"Philippines",2013,4,"October"
"Philippines",2013,4,NULL
"Philippines",2013,NULL,NULL
"Philippines",2014,1,"February"
"Philippines",2014,1,"January"
"Philippines",2014,1,"March"
"Philippines",2014,1,NULL
"Philippines",2014,2,"April"
"Philippines",2014,2,"June"
"Philippines",2014,2,"May"
"Philippines",2014,2,NULL
"Philippines",2014,3,"August"
"Philippines",2014,3,"July"
"Philippines",2014,3,"September"
"Philippines",2014,3,NULL
"Philippines",2014,4,"December"
"Philippines",2014,4,"November"
"Philippines",2014,4,"October"
"Philippines",2014,4,NULL
"Philippines",2014,NULL,NULL
"Philippines",2015,1,"February"
"Philippines",2015,1,"January"
"Philippines",2015,1,"March"
"Philippines",2015,1,NULL
"Philippines",2015,2,"April"
"Philippines",2015,2,"June"
"Philippines",2015,2,"May"
"Philippines",2015,2,NULL
"Philippines",2015,3,"August"
"Philippines",2015,3,"July"
"Philippines",2015,3,"September"
"Philippines",2015,3,NULL
"Philippines",2015,4,"December"
"Philippines",2015,4,"November"
"Philippines",2015,4,"October"
"Philippines",2015,4,NULL
"Philippines",2015,NULL,NULL
"Philippines",2016,1,"February"
"Philippines",2016,1,"January"
"Philippines",2016,1,"March"
"Philippines",2016,1,NULL
"Philippines",2016,2,"April"
"Philippines",2016,2,"June"
"Philippines",2016,2,"May"
"Philippines",2016,2,NULL
"Philippines",2016,3,"August"
"Philippines",2016,3,"July"
"Philippines",2016,3,"September"
"Philippines",2016,3,NULL
"Philippines",2016,4,"December"
"Philippines",2016,4,"November"
"Philippines",2016,4,"October"
"Philippines",2016,4,NULL
"Philippines",2016,NULL,NULL
"Philippines",2017,1,"February"
"Philippines",2017,1,"January"
"Philippines",2017,1,"March"
"Philippines",2017,1,NULL
"Philippines",2017,2,"April"
"Philippines",2017,2,"June"
"Philippines",2017,2,"May"
"Philippines",2017,2,NULL
"Philippines",2017,3,"August"
"Philippines",2017,3,"July"
"Philippines",2017,3,"September"
"Philippines",2017,3,NULL
"Philippines",2017,4,"December"
"Philippines",2017,4,"November"
"Philippines",2017,4,"October"
"Philippines",2017,4,NULL
"Philippines",2017,NULL,NULL
"Philippines",2018,1,"February"
"Philippines",2018,1,"January"
"Philippines",2018,1,"March"
"Philippines",2018,1,NULL
"Philippines",2018,2,"April"
"Philippines",2018,2,"June"
"Philippines",2018,2,"May"
"Philippines",2018,2,NULL
"Philippines",2018,3,"August"
"Philippines",2018,3,"July"
"Philippines",2018,3,"September"
"Philippines",2018,3,NULL
"Philippines",2018,4,"December"
"Philippines",2018,4,"November"
"Philippines",2018,4,"October"
"Philippines",2018,4,NULL
"Philippines",2018,NULL,NULL
"Philippines",2019,1,"February"
"Philippines",2019,1,"January"
"Philippines",2019,1,"March"
"Philippines",2019,1,NULL
"Philippines",2019,2,"April"
"Philippines",2019,2,"June"
"Philippines",2019,2,"May"
"Philippines",2019,2,NULL
"Philippines",2019,3,"August"
"Philippines",2019,3,"July"
"Philippines",2019,3,"September"
"Philippines",2019,3,NULL
"Philippines",2019,4,"December"
"Philippines",2019,4,"November"
"Philippines",2019,4,"October"
"Philippines",2019,4,NULL
"Philippines",2019,NULL,NULL
"Philippines",2020,1,"February"
"Philippines",2020,1,"January"
"Philippines",2020,1,"March"
"Philippines",2020,1,NULL
"Philippines",2020,2,"April"
"Philippines",2020,2,"June"
"Philippines",2020,2,"May"
"Philippines",2020,2,NULL
"Philippines",2020,3,"August"
"Philippines",2020,3,"July"
"Philippines",2020,3,"September"
"Philippines",2020,3,NULL
"Philippines",2020,4,"December"
"Philippines",2020,4,"November"
"Philippines",2020,4,"October"
"Philippines",2020,4,NULL
"Philippines",2020,NULL,NULL
"Philippines",NULL,NULL,NULL
"Togo",2005,1,"February"
"Togo",2005,1,"January"
"Togo",2005,1,"March"
"Togo",2005,1,NULL
"Togo",2005,2,"April"
"Togo",2005,2,"June"
"Togo",2005,2,"May"
"Togo",2005,2,NULL
"Togo",2005,3,"August"
"Togo",2005,3,"July"
"Togo",2005,3,"September"
"Togo",2005,3,NULL
"Togo",2005,4,"December"
"Togo",2005,4,"November"
"Togo",2005,4,"October"
"Togo",2005,4,NULL
"Togo",2005,NULL,NULL
"Togo",2006,1,"February"
"Togo",2006,1,"January"
"Togo",2006,1,"March"
"Togo",2006,1,NULL
"Togo",2006,2,"April"
"Togo",2006,2,"June"
"Togo",2006,2,"May"
"Togo",2006,2,NULL
"Togo",2006,3,"August"
"Togo",2006,3,"July"
"Togo",2006,3,"September"
"Togo",2006,3,NULL
"Togo",2006,4,"December"
"Togo",2006,4,"November"
"Togo",2006,4,"October"
"Togo",2006,4,NULL
"Togo",2006,NULL,NULL
"Togo",2007,1,"February"
"Togo",2007,1,"January"
"Togo",2007,1,"March"
"Togo",2007,1,NULL
"Togo",2007,2,"April"
"Togo",2007,2,"June"
"Togo",2007,2,"May"
"Togo",2007,2,NULL
"Togo",2007,3,"August"
"Togo",2007,3,"July"
"Togo",2007,3,"September"
"Togo",2007,3,NULL
"Togo",2007,4,"December"
"Togo",2007,4,"November"
"Togo",2007,4,"October"
"Togo",2007,4,NULL
"Togo",2007,NULL,NULL
"Togo",2008,1,"February"
"Togo",2008,1,"January"
"Togo",2008,1,"March"
"Togo",2008,1,NULL
"Togo",2008,2,"April"
"Togo",2008,2,"June"
"Togo",2008,2,"May"
"Togo",2008,2,NULL
"Togo",2008,3,"August"
"Togo",2008,3,"July"
"Togo",2008,3,"September"
"Togo",2008,3,NULL
"Togo",2008,4,"December"
"Togo",2008,4,"November"
"Togo",2008,4,"October"
"Togo",2008,4,NULL
"Togo",2008,NULL,NULL
"Togo",2009,1,"February"
"Togo",2009,1,"January"
"Togo",2009,1,"March"
"Togo",2009,1,NULL
"Togo",2009,2,"April"
"Togo",2009,2,"June"
"Togo",2009,2,"May"
"Togo",2009,2,NULL
"Togo",2009,3,"August"
"Togo",2009,3,"July"
"Togo",2009,3,"September"
"Togo",2009,3,NULL
"Togo",2009,4,"December"
"Togo",2009,4,"November"
"Togo",2009,4,"October"
"Togo",2009,4,NULL
"Togo",2009,NULL,NULL
"Togo",2010,1,"February"
"Togo",2010,1,"January"
"Togo",2010,1,"March"
"Togo",2010,1,NULL
"Togo",2010,2,"April"
"Togo",2010,2,"June"
"Togo",2010,2,"May"
"Togo",2010,2,NULL
"Togo",2010,3,"August"
"Togo",2010,3,"July"
"Togo",2010,3,"September"
"Togo",2010,3,NULL
"Togo",2010,4,"December"
"Togo",2010,4,"November"
"Togo",2010,4,"October"
"Togo",2010,4,NULL
"Togo",2010,NULL,NULL
"Togo",2011,1,"February"
"Togo",2011,1,"January"
"Togo",2011,1,"March"
"Togo",2011,1,NULL
"Togo",2011,2,"April"
"Togo",2011,2,"June"
"Togo",2011,2,"May"
"Togo",2011,2,NULL
"Togo",2011,3,"August"
"Togo",2011,3,"July"
"Togo",2011,3,"September"
"Togo",2011,3,NULL
"Togo",2011,4,"December"
"Togo",2011,4,"November"
"Togo",2011,4,"October"
"Togo",2011,4,NULL
"Togo",2011,NULL,NULL
"Togo",2012,1,"February"
"Togo",2012,1,"January"
"Togo",2012,1,"March"
"Togo",2012,1,NULL
"Togo",2012,2,"April"
"Togo",2012,2,"June"
"Togo",2012,2,"May"
"Togo",2012,2,NULL
"Togo",2012,3,"August"
"Togo",2012,3,"July"
"Togo",2012,3,"September"
"Togo",2012,3,NULL
"Togo",2012,4,"December"
"Togo",2012,4,"November"
"Togo",2012,4,"October"
"Togo",2012,4,NULL
"Togo",2012,NULL,NULL
"Togo",2013,1,"February"
"Togo",2013,1,"January"
"Togo",2013,1,"March"
"Togo",2013,1,NULL
"Togo",2013,2,"April"
"Togo",2013,2,"June"
"Togo",2013,2,"May"
"Togo",2013,2,NULL
"Togo",2013,3,"August"
"Togo",2013,3,"July"
"Togo",2013,3,"September"
"Togo",2013,3,NULL
"Togo",2013,4,"December"
"Togo",2013,4,"November"
"Togo",2013,4,"October"
"Togo",2013,4,NULL
"Togo",2013,NULL,NULL
"Togo",2014,1,"February"
"Togo",2014,1,"January"
"Togo",2014,1,"March"
"Togo",2014,1,NULL
"Togo",2014,2,"April"
"Togo",2014,2,"June"
"Togo",2014,2,"May"
"Togo",2014,2,NULL
"Togo",2014,3,"August"
"Togo",2014,3,"July"
"Togo",2014,3,"September"
"Togo",2014,3,NULL
"Togo",2014,4,"December"
"Togo",2014,4,"November"
"Togo",2014,4,"October"
"Togo",2014,4,NULL
"Togo",2014,NULL,NULL
"Togo",2015,1,"February"
"Togo",2015,1,"January"
"Togo",2015,1,"March"
"Togo",2015,1,NULL
"Togo",2015,2,"April"
"Togo",2015,2,"June"
"Togo",2015,2,"May"
"Togo",2015,2,NULL
"Togo",2015,3,"August"
"Togo",2015,3,"July"
"Togo",2015,3,"September"
"Togo",2015,3,NULL
"Togo",2015,4,"December"
"Togo",2015,4,"November"
"Togo",2015,4,"October"
"Togo",2015,4,NULL
"Togo",2015,NULL,NULL
"Togo",2016,1,"February"
"Togo",2016,1,"January"
"Togo",2016,1,"March"
"Togo",2016,1,NULL
"Togo",2016,2,"April"
"Togo",2016,2,"June"
"Togo",2016,2,"May"
"Togo",2016,2,NULL
"Togo",2016,3,"August"
"Togo",2016,3,"July"
"Togo",2016,3,"September"
"Togo",2016,3,NULL
"Togo",2016,4,"December"
"Togo",2016,4,"November"
"Togo",2016,4,"October"
"Togo",2016,4,NULL
"Togo",2016,NULL,NULL
"Togo",2017,1,"February"
"Togo",2017,1,"January"
"Togo",2017,1,"March"
"Togo",2017,1,NULL
"Togo",2017,2,"April"
"Togo",2017,2,"June"
"Togo",2017,2,"May"
"Togo",2017,2,NULL
"Togo",2017,3,"August"
"Togo",2017,3,"July"
"Togo",2017,3,"September"
"Togo",2017,3,NULL
"Togo",2017,4,"December"
"Togo",2017,4,"November"
"Togo",2017,4,"October"
"Togo",2017,4,NULL
"Togo",2017,NULL,NULL
"Togo",2018,1,"February"
"Togo",2018,1,"January"
"Togo",2018,1,"March"
"Togo",2018,1,NULL
"Togo",2018,2,"April"
"Togo",2018,2,"June"
"Togo",2018,2,"May"
"Togo",2018,2,NULL
"Togo",2018,3,"August"
"Togo",2018,3,"July"
"Togo",2018,3,"September"
"Togo",2018,3,NULL
"Togo",2018,4,"December"
"Togo",2018,4,"November"
"Togo",2018,4,"October"
"Togo",2018,4,NULL
"Togo",2018,NULL,NULL
"Togo",2019,1,"February"
"Togo",2019,1,"January"
"Togo",2019,1,"March"
"Togo",2019,1,NULL
"Togo",2019,2,"April"
"Togo",2019,2,"June"
"Togo",2019,2,"May"
"Togo",2019,2,NULL
"Togo",2019,3,"August"
"Togo",2019,3,"July"
"Togo",2019,3,"September"
"Togo",2019,3,NULL
"Togo",2019,4,"December"
"Togo",2019,4,"November"
"Togo",2019,4,"October"
"Togo",2019,4,NULL
"Togo",2019,NULL,NULL
"Togo",2020,1,"February"
"Togo",2020,1,"January"
"Togo",2020,1,"March"
"Togo",2020,1,NULL
"Togo",2020,2,"April"
"Togo",2020,2,"June"
"Togo",2020,2,"May"
"Togo",2020,2,NULL
"Togo",2020,3,"August"
"Togo",2020,3,"July"
"Togo",2020,3,"September"
"Togo",2020,3,NULL
"Togo",2020,4,"December"
"Togo",2020,4,"November"
"Togo",2020,4,"October"
"Togo",2020,4,NULL
"Togo",2020,NULL,NULL
"Togo",NULL,NULL,NULL
"United States",2005,1,"February"
"United States",2005,1,"January"
"United States",2005,1,"March"
"United States",2005,1,NULL
"United States",2005,2,"April"
"United States",2005,2,"June"
"United States",2005,2,"May"
"United States",2005,2,NULL
"United States",2005,3,"August"
"United States",2005,3,"July"
"United States",2005,3,"September"
"United States",2005,3,NULL
"United States",2005,4,"December"
"United States",2005,4,"November"
"United States",2005,4,"October"
"United States",2005,4,NULL
"United States",2005,NULL,NULL
"United States",2006,1,"February"
"United States",2006,1,"January"
"United States",2006,1,"March"
"United States",2006,1,NULL
"United States",2006,2,"April"
"United States",2006,2,"June"
"United States",2006,2,"May"
"United States",2006,2,NULL
"United States",2006,3,"August"
"United States",2006,3,"July"
"United States",2006,3,"September"
"United States",2006,3,NULL
"United States",2006,4,"December"
"United States",2006,4,"November"
"United States",2006,4,"October"
"United States",2006,4,NULL
"United States",2006,NULL,NULL
"United States",2007,1,"February"
"United States",2007,1,"January"
"United States",2007,1,"March"
"United States",2007,1,NULL
"United States",2007,2,"April"
"United States",2007,2,"June"
"United States",2007,2,"May"
"United States",2007,2,NULL
"United States",2007,3,"August"
"United States",2007,3,"July"
"United States",2007,3,"September"
"United States",2007,3,NULL
"United States",2007,4,"December"
"United States",2007,4,"November"
"United States",2007,4,"October"
"United States",2007,4,NULL
"United States",2007,NULL,NULL
"United States",2008,1,"February"
"United States",2008,1,"January"
"United States",2008,1,"March"
"United States",2008,1,NULL
"United States",2008,2,"April"
"United States",2008,2,"June"
"United States",2008,2,"May"
"United States",2008,2,NULL
"United States",2008,3,"August"
"United States",2008,3,"July"
"United States",2008,3,"September"
"United States",2008,3,NULL
"United States",2008,4,"December"
"United States",2008,4,"November"
"United States",2008,4,"October"
"United States",2008,4,NULL
"United States",2008,NULL,NULL
"United States",2009,1,"February"
"United States",2009,1,"January"
"United States",2009,1,"March"
"United States",2009,1,NULL
"United States",2009,2,"April"
"United States",2009,2,"June"
"United States",2009,2,"May"
"United States",2009,2,NULL
"United States",2009,3,"August"
"United States",2009,3,"July"
"United States",2009,3,"September"
"United States",2009,3,NULL
"United States",2009,4,"December"
"United States",2009,4,"November"
"United States",2009,4,"October"
"United States",2009,4,NULL
"United States",2009,NULL,NULL
"United States",2010,1,"February"
"United States",2010,1,"January"
"United States",2010,1,"March"
"United States",2010,1,NULL
"United States",2010,2,"April"
"United States",2010,2,"June"
"United States",2010,2,"May"
"United States",2010,2,NULL
"United States",2010,3,"August"
"United States",2010,3,"July"
"United States",2010,3,"September"
"United States",2010,3,NULL
"United States",2010,4,"December"
"United States",2010,4,"November"
"United States",2010,4,"October"
"United States",2010,4,NULL
"United States",2010,NULL,NULL
"United States",2011,1,"February"
"United States",2011,1,"January"
"United States",2011,1,"March"
"United States",2011,1,NULL
"United States",2011,2,"April"
"United States",2011,2,"June"
"United States",2011,2,"May"
"United States",2011,2,NULL
"United States",2011,3,"August"
"United States",2011,3,"July"
"United States",2011,3,"September"
"United States",2011,3,NULL
"United States",2011,4,"December"
"United States",2011,4,"November"
"United States",2011,4,"October"
"United States",2011,4,NULL
"United States",2011,NULL,NULL
"United States",2012,1,"February"
"United States",2012,1,"January"
"United States",2012,1,"March"
"United States",2012,1,NULL
"United States",2012,2,"April"
"United States",2012,2,"June"
"United States",2012,2,"May"
"United States",2012,2,NULL
"United States",2012,3,"August"
"United States",2012,3,"July"
"United States",2012,3,"September"
"United States",2012,3,NULL
"United States",2012,4,"December"
"United States",2012,4,"November"
"United States",2012,4,"October"
"United States",2012,4,NULL
"United States",2012,NULL,NULL
"United States",2013,1,"February"
"United States",2013,1,"January"
"United States",2013,1,"March"
"United States",2013,1,NULL
"United States",2013,2,"April"
"United States",2013,2,"June"
"United States",2013,2,"May"
"United States",2013,2,NULL
"United States",2013,3,"August"
"United States",2013,3,"July"
"United States",2013,3,"September"
"United States",2013,3,NULL
"United States",2013,4,"December"
"United States",2013,4,"November"
"United States",2013,4,"October"
"United States",2013,4,NULL
"United States",2013,NULL,NULL
"United States",2014,1,"February"
"United States",2014,1,"January"
"United States",2014,1,"March"
"United States",2014,1,NULL
"United States",2014,2,"April"
"United States",2014,2,"June"
"United States",2014,2,"May"
"United States",2014,2,NULL
"United States",2014,3,"August"
"United States",2014,3,"July"
"United States",2014,3,"September"
"United States",2014,3,NULL
"United States",2014,4,"December"
"United States",2014,4,"November"
"United States",2014,4,"October"
"United States",2014,4,NULL
"United States",2014,NULL,NULL
"United States",2015,1,"February"
"United States",2015,1,"January"
"United States",2015,1,"March"
"United States",2015,1,NULL
"United States",2015,2,"April"
"United States",2015,2,"June"
"United States",2015,2,"May"
"United States",2015,2,NULL
"United States",2015,3,"August"
"United States",2015,3,"July"
"United States",2015,3,"September"
"United States",2015,3,NULL
"United States",2015,4,"December"
"United States",2015,4,"November"
"United States",2015,4,"October"
"United States",2015,4,NULL
"United States",2015,NULL,NULL
"United States",2016,1,"February"
"United States",2016,1,"January"
"United States",2016,1,"March"
"United States",2016,1,NULL
"United States",2016,2,"April"
"United States",2016,2,"June"
"United States",2016,2,"May"
"United States",2016,2,NULL
"United States",2016,3,"August"
"United States",2016,3,"July"
"United States",2016,3,"September"
"United States",2016,3,NULL
"United States",2016,4,"December"
"United States",2016,4,"November"
"United States",2016,4,"October"
"United States",2016,4,NULL
"United States",2016,NULL,NULL
"United States",2017,1,"February"
"United States",2017,1,"January"
"United States",2017,1,"March"
"United States",2017,1,NULL
"United States",2017,2,"April"
"United States",2017,2,"June"
"United States",2017,2,"May"
"United States",2017,2,NULL
"United States",2017,3,"August"
"United States",2017,3,"July"
"United States",2017,3,"September"
"United States",2017,3,NULL
"United States",2017,4,"December"
"United States",2017,4,"November"
"United States",2017,4,"October"
"United States",2017,4,NULL
"United States",2017,NULL,NULL
"United States",2018,1,"February"
"United States",2018,1,"January"
"United States",2018,1,"March"
"United States",2018,1,NULL
"United States",2018,2,"April"
"United States",2018,2,"June"
"United States",2018,2,"May"
"United States",2018,2,NULL
"United States",2018,3,"August"
"United States",2018,3,"July"
"United States",2018,3,"September"
"United States",2018,3,NULL
"United States",2018,4,"December"
"United States",2018,4,"November"
"United States",2018,4,"October"
"United States",2018,4,NULL
"United States",2018,NULL,NULL
"United States",2019,1,"February"
"United States",2019,1,"January"
"United States",2019,1,"March"
"United States",2019,1,NULL
"United States",2019,2,"April"
"United States",2019,2,"June"
"United States",2019,2,"May"
"United States",2019,2,NULL
"United States",2019,3,"August"
"United States",2019,3,"July"
"United States",2019,3,"September"
"United States",2019,3,NULL
"United States",2019,4,"December"
"United States",2019,4,"November"
"United States",2019,4,"October"
"United States",2019,4,NULL
"United States",2019,NULL,NULL
"United States",2020,1,"February"
"United States",2020,1,"January"
"United States",2020,1,"March"
"United States",2020,1,NULL
"United States",2020,2,"April"
"United States",2020,2,"June"
"United States",2020,2,"May"
"United States",2020,2,NULL
"United States",2020,3,"August"
"United States",2020,3,"July"
"United States",2020,3,"September"
"United States",2020,3,NULL
"United States",2020,4,"December"
"United States",2020,4,"November"
"United States",2020,4,"October"
"United States",2020,4,NULL
"United States",2020,NULL,NULL
"United States",NULL,NULL,NULL
